questionId,subject,unit,subunit,difficulty,mode,question,answer,choices,explanation,status,answerGroup,relatedQuestionIds,tags,answerAlias,sortGroup,sortItems,eraCorrect,year,documentId,timelineGroup,imagePath
h_era_001,history,古代,飛鳥,1,era,大化の改新が行われた時代を選びなさい。,飛鳥,,中大兄皇子・中臣鎌足らが政治改革を進めた時代です。,active,era_asuka_01,,,飛鳥,,,飛鳥,645,,,
h_era_002,history,古代,奈良,1,era,平城京が置かれた時代を選びなさい。,奈良,,710年に都が平城京に移されました。,active,era_nara_01,,,奈良,,,奈良,710,,,
h_era_003,history,古代,平安,1,era,遣唐使が廃止された時代を選びなさい。,平安,,894年、菅原道真の提案で遣唐使が廃止されました。,active,era_heian_01,,,平安,,,平安,894,,,
h_era_004,history,近代,明治,1,era,廃藩置県が行われた時代を選びなさい。,明治前期,,1871年、藩を廃止して県を置きました。,active,era_meiji_01,,,明治前期,,,明治前期,1871,,,
h_sort_001,history,古代,,2,sort,次の出来事を古い順に並べ替えなさい。,大化の改新|平城京遷都|平安京遷都|鎌倉幕府成立,,大化の改新→平城京遷都→平安京遷都→鎌倉幕府成立の順です。,active,sort_ancient_01,,,,sort_ancient_01,大化の改新|平城京遷都|平安京遷都|鎌倉幕府成立,,,,,
h_sort_002,history,中世,,2,sort,次の出来事を古い順に並べ替えなさい。,応仁の乱|鉄砲伝来|関ヶ原の戦い|江戸幕府成立,,応仁の乱→鉄砲伝来→関ヶ原の戦い→江戸幕府成立の順です。,active,sort_medieval_01,,,,sort_medieval_01,応仁の乱|鉄砲伝来|関ヶ原の戦い|江戸幕府成立,,,,,
h_sort_003,history,近代,,2,sort,次の出来事を古い順に並べ替えなさい。,日清戦争|日露戦争|韓国併合|第一次世界大戦,,日清戦争→日露戦争→韓国併合→第一次世界大戦の順です。,active,sort_modern_01,,,,sort_modern_01,日清戦争|日露戦争|韓国併合|第一次世界大戦,,,,,
h_sort_004,history,近代,,2,sort,次の出来事を古い順に並べ替えなさい。,五箇条の御誓文|廃藩置県|大日本帝国憲法発布|日清戦争,,五箇条の御誓文→廃藩置県→大日本帝国憲法発布→日清戦争の順です。,active,sort_modern_02,,,,sort_modern_02,五箇条の御誓文|廃藩置県|大日本帝国憲法発布|日清戦争,,,,,
history_text_test_001,history,古代,飛鳥時代,1,text,大化の改新が始まった年を答えなさい。,645,,中大兄皇子と中臣鎌足が進めた改革。645年。,active,,,,,,,,,,,
history_choice_test_001,history,近代,明治,1,choice,明治維新の中心人物として最も適切なものを選びなさい。,西郷隆盛,徳川家康|西郷隆盛|藤原道長|足利義満,明治維新では薩摩・長州などの人物が中心となった。,active,,,,,,,,,,,
h_june3_001,history,第一次世界大戦とロシア革命,三国同盟,1,choice,第一次世界大戦前、ドイツ・オーストリア・イタリアが結んだ同盟を何というか。,三国同盟,三国同盟|三国協商|連合国|国際連盟,ドイツ・オーストリア・イタリアの3か国の組み合わせを「三国同盟」と覚えよう。,active,,,六月中3|前期期末,,,,,,,,
h_june3_002,history,第一次世界大戦とロシア革命,三国同盟,1,choice,三国同盟を結んだ3か国の組み合わせとして正しいものを選びなさい。,ドイツ・オーストリア・イタリア,ドイツ・オーストリア・イタリア|イギリス・フランス・ロシア|ドイツ・フランス・ロシア|イギリス・オーストリア・イタリア,三国同盟の3か国は、ドイツ・オーストリア・イタリア。国名を3つまとめて覚えよう。,active,,,六月中3|前期期末,,,,,,,,
h_june3_003,history,第一次世界大戦とロシア革命,三国同盟,1,choice,ドイツ・オーストリアと三国同盟を結んだ国はどこか。,イタリア,イタリア|フランス|ロシア|イギリス,三国同盟はドイツ・オーストリア・イタリア。この3か国の組み合わせを覚えよう。,active,,,六月中3|前期期末,,,,,,,,
h_june3_006,history,第一次世界大戦とロシア革命,三国同盟,2,choice,次のうち、三国同盟に含まれない国はどこか。,イギリス,イギリス|ドイツ|オーストリア|イタリア,三国同盟はドイツ・オーストリア・イタリアなので、イギリスは含まれない。,active,,,六月中3|前期期末,,,,,,,,
h_june3_007,history,第一次世界大戦とロシア革命,三国協商,1,choice,第一次世界大戦前、イギリス・フランス・ロシアの協力体制を何というか。,三国協商,三国協商|三国同盟|同盟国|国際連盟,イギリス・フランス・ロシアの3か国の協力関係を「三国協商」という。,active,,,六月中3|前期期末,,,,,,,,
h_june3_008,history,第一次世界大戦とロシア革命,三国協商,1,choice,三国協商を結んだ3か国の組み合わせとして正しいものを選びなさい。,イギリス・フランス・ロシア,イギリス・フランス・ロシア|ドイツ・オーストリア・イタリア|イギリス・ドイツ・ロシア|フランス・オーストリア・イタリア,三国協商の3か国は、イギリス・フランス・ロシア。三国同盟と区別しよう。,active,,,六月中3|前期期末,,,,,,,,
h_june3_009,history,第一次世界大戦とロシア革命,三国協商,1,choice,イギリス・フランスと三国協商を結んだ国はどこか。,ロシア,ロシア|ドイツ|イタリア|オーストリア,三国協商はイギリス・フランス・ロシア。この3か国をセットで覚えよう。,active,,,六月中3|前期期末,,,,,,,,
h_june3_012,history,第一次世界大戦とロシア革命,三国協商,2,choice,次のうち、三国協商に含まれない国はどこか。,ドイツ,ドイツ|イギリス|フランス|ロシア,三国協商はイギリス・フランス・ロシアなので、ドイツは含まれない。,active,,,六月中3|前期期末,,,,,,,,
h_june3_013,history,第一次世界大戦とロシア革命,第一次世界大戦,1,choice,第一次世界大戦のきっかけとなった事件は何か。,サラエボ事件,サラエボ事件|米騒動|五・四運動|ロシア革命,オーストリアの皇太子夫妻が暗殺されたサラエボ事件が、第一次世界大戦のきっかけになった。,active,,,六月中3|前期期末,,,,,,,,
h_june3_014,history,第一次世界大戦とロシア革命,第一次世界大戦,1,choice,サラエボ事件をきっかけに1914年に始まった戦争は何か。,第一次世界大戦,第一次世界大戦|日露戦争|日清戦争|第二次世界大戦,1914年、サラエボ事件をきっかけに第一次世界大戦が始まった。,active,,,六月中3|前期期末,,,,,,,,
h_june3_015,history,第一次世界大戦とロシア革命,第一次世界大戦,2,choice,軍人だけでなく国民や産業も戦争に総動員された戦い方を何というか。,総力戦,総力戦|冷戦|局地戦|植民地戦争,兵士だけでなく、国民・産業・経済まで国全体を戦争に動員する戦い方を「総力戦」という。,active,,,六月中3|前期期末,,,,,,,,
h_june3_016,history,第一次世界大戦とロシア革命,日本の参戦,1,choice,第一次世界大戦に日本が参戦したとき、理由とした同盟は何か。,日英同盟,日英同盟|三国同盟|日独伊三国同盟|日ソ中立条約,日本はイギリスと結んでいた日英同盟を理由に、第一次世界大戦へ参戦した。,active,,,六月中3|前期期末,,,,,,,,
h_june3_017,history,第一次世界大戦とロシア革命,日本の参戦,1,choice,第一次世界大戦で日本はどちらの側に立って参戦したか。,連合国側,連合国側|同盟国側|中立国側|ソ連側,日本はイギリスなどと同じ連合国側で第一次世界大戦に参戦した。,active,,,六月中3|前期期末,,,,,,,,
h_june3_018,history,第一次世界大戦とロシア革命,二十一か条の要求,1,choice,第一次世界大戦中、日本が中国に出した要求を何というか。,二十一か条の要求,二十一か条の要求|ベルサイユ条約|ポーツマス条約|不戦条約,第一次世界大戦中、日本は中国に対して「二十一か条の要求」を出した。,active,,,六月中3|前期期末,,,,,,,,
h_june3_019,history,第一次世界大戦とロシア革命,二十一か条の要求,1,choice,二十一か条の要求を出した国はどこか。,日本,日本|中国|ロシア|アメリカ,二十一か条の要求は、日本が中国に出した要求。出した国と出された国を逆にしないようにしよう。,active,,,六月中3|前期期末,,,,,,,,
h_june3_020,history,第一次世界大戦とロシア革命,二十一か条の要求,1,choice,日本が二十一か条の要求を出した相手国はどこか。,中国,中国|朝鮮|ロシア|ドイツ,二十一か条の要求は、日本から中国に出された。日本→中国と覚えよう。,active,,,六月中3|前期期末,,,,,,,,
h_june3_021,history,第一次世界大戦とロシア革命,ロシア革命,1,choice,1917年、ロシアで起こった革命を何というか。,ロシア革命,ロシア革命|フランス革命|辛亥革命|名誉革命,1917年、ロシアで起こった革命がロシア革命。第一次世界大戦中の出来事。,active,,,六月中3|前期期末,,,,,,,,
h_june3_022,history,第一次世界大戦とロシア革命,ロシア革命,1,choice,ロシア革命を指導した人物は誰か。,レーニン,レーニン|ウィルソン|原敬|吉野作造,ロシア革命を指導した人物がレーニン。人物名と出来事をセットで覚えよう。,active,,,六月中3|前期期末,,,,,,,,
h_june3_024,history,第一次世界大戦とロシア革命,ロシア革命,1,choice,ロシア革命で重要な役割を果たした、労働者や兵士の代表会議を何というか。,ソビエト,ソビエト|国際連盟|帝国議会|枢密院,ソビエトは、ロシア革命の中でつくられた労働者や兵士の代表会議。,active,,,六月中3|前期期末,,,,,,,,
h_june3_025,history,第一次世界大戦とロシア革命,ロシア革命,2,choice,「ソビエト」の説明として正しいものを選びなさい。,労働者や兵士の代表会議,労働者や兵士の代表会議|各国の外交官の会議|日本の政党の連合|世界平和のための国際機関,ソビエトは国の名前ではなく、労働者や兵士の代表会議のこと。,active,,,六月中3|前期期末,,,,,,,,
h_june3_026,history,第一次世界大戦とロシア革命,シベリア出兵,1,choice,ロシア革命後、日本などがロシア革命の影響が広がるのをおさえるために軍隊を送ったことを何というか。,シベリア出兵,シベリア出兵|満州事変|日露戦争|北清事変,ロシア革命後、日本などがシベリアへ軍隊を送ったことを「シベリア出兵」という。,active,,,六月中3|前期期末,,,,,,,,
h_june3_027,history,第一次世界大戦とロシア革命,シベリア出兵,2,choice,日本などがシベリア出兵を行った主な目的は何か。,ロシア革命の影響が広がるのをおさえるため,ロシア革命の影響が広がるのをおさえるため|中国の義和団を鎮圧するため|朝鮮を植民地にするため|ドイツの南洋諸島を占領するため,ロシア革命の影響がほかの国へ広がることを警戒して、日本などはシベリアへ軍隊を送った。,active,,,六月中3|前期期末,,,,,,,,
h_june3_028,history,第一次世界大戦とロシア革命,ソ連成立,1,choice,1922年に成立した社会主義国はどれか。,ソビエト社会主義共和国連邦,ソビエト社会主義共和国連邦|中華民国|ドイツ帝国|大韓帝国,1922年、ロシアを中心にソビエト社会主義共和国連邦（ソ連）が成立した。,active,,,六月中3|前期期末,,,,,,,,
h_june3_029,history,国際協調と民族運動,パリ講和会議,1,choice,第一次世界大戦後、講和条件を話し合うために開かれた会議は何か。,パリ講和会議,パリ講和会議|ワシントン会議|ポツダム会談|ヤルタ会談,第一次世界大戦後の講和条件を話し合った会議がパリ講和会議。1919年に開かれた。,active,,,六月中3|前期期末,,,,,,,,
h_june3_030,history,国際協調と民族運動,ベルサイユ条約,1,choice,第一次世界大戦後、ドイツと結ばれた講和条約は何か。,ベルサイユ条約,ベルサイユ条約|ポーツマス条約|下関条約|日ソ中立条約,第一次世界大戦後、敗れたドイツとの間で結ばれた講和条約がベルサイユ条約。,active,,,六月中3|前期期末,,,,,,,,
h_june3_031,history,国際協調と民族運動,ベルサイユ条約,2,choice,ベルサイユ条約が結ばれるきっかけとなった戦争はどれか。,第一次世界大戦,第一次世界大戦|日露戦争|日清戦争|第二次世界大戦,ベルサイユ条約は、第一次世界大戦を終わらせるための講和条約の一つ。,active,,,六月中3|前期期末,,,,,,,,
h_june3_032,history,国際協調と民族運動,国際連盟,1,choice,第一次世界大戦後、世界平和を目的としてつくられた国際機関は何か。,国際連盟,国際連盟|国際連合|三国協商|枢軸国,第一次世界大戦後、世界平和を守るためにつくられた国際機関が国際連盟。,active,,,六月中3|前期期末,,,,,,,,
h_june3_033,history,国際協調と民族運動,国際連盟,1,choice,国際連盟の設立を提唱したアメリカ大統領は誰か。,ウィルソン,ウィルソン|レーニン|ルーズベルト|リンカン,アメリカ大統領ウィルソンは、第一次世界大戦後に国際連盟の設立を提唱した。,active,,,六月中3|前期期末,,,,,,,,
h_june3_034,history,国際協調と民族運動,国際連盟,2,choice,ウィルソンが設立を提唱した国際機関はどれか。,国際連盟,国際連盟|国際連合|三国同盟|ソビエト,ウィルソンと国際連盟をセットで覚えよう。ウィルソンはアメリカ大統領。,active,,,六月中3|前期期末,,,,,,,,
h_june3_035,history,国際協調と民族運動,民族自決,1,choice,各民族が自分たちの政治のあり方を自分たちで決めるという考えを何というか。,民族自決,民族自決|民本主義|民主主義|社会主義,民族自決とは、それぞれの民族が自分たちの政治のあり方を自分たちで決めるという考え。,active,,,六月中3|前期期末,,,,,,,,
h_june3_036,history,国際協調と民族運動,民族自決,2,choice,民族自決の考えを唱えた人物は誰か。,ウィルソン,ウィルソン|レーニン|吉野作造|原敬,アメリカ大統領ウィルソンは、民族自決の考えを唱えた。,active,,,六月中3|前期期末,,,,,,,,
h_june3_037,history,国際協調と民族運動,国際連盟,1,choice,国際連盟を提唱したにもかかわらず、国際連盟に加盟しなかった国はどこか。,アメリカ,アメリカ|イギリス|フランス|日本,国際連盟を提唱したのはアメリカのウィルソンだが、アメリカ自身は国際連盟に加盟しなかった。,active,,,六月中3|前期期末,,,,,,,,
h_june3_039,history,国際協調と民族運動,三・一独立運動,1,choice,1919年、朝鮮で起こった日本からの独立を求める運動を何というか。,三・一独立運動,三・一独立運動|五・四運動|米騒動|自由民権運動,1919年、朝鮮で日本からの独立を求めて三・一独立運動が起こった。,active,,,六月中3|前期期末,,,,,,,,
h_june3_040,history,国際協調と民族運動,三・一独立運動,1,choice,三・一独立運動が起こった地域はどこか。,朝鮮,朝鮮|中国|インド|ロシア,三・一独立運動は朝鮮、五・四運動は中国。場所と運動名をセットで覚えよう。,active,,,六月中3|前期期末,,,,,,,,
h_june3_042,history,国際協調と民族運動,五・四運動,1,choice,1919年、中国で起こった反日・反帝国主義の運動を何というか。,五・四運動,五・四運動|三・一独立運動|米騒動|辛亥革命,1919年、中国で日本などへの反発から五・四運動が起こった。,active,,,六月中3|前期期末,,,,,,,,
h_june3_043,history,国際協調と民族運動,五・四運動,1,choice,五・四運動が起こった国はどこか。,中国,中国|朝鮮|日本|ロシア,五・四運動は中国で起こった。朝鮮の三・一独立運動と区別しよう。,active,,,六月中3|前期期末,,,,,,,,
h_june3_045,history,国際協調と民族運動,民族運動,2,choice,三・一独立運動と五・四運動に共通する時期として正しいものはどれか。,第一次世界大戦後,第一次世界大戦後|日清戦争前|明治維新直後|第二次世界大戦後,三・一独立運動と五・四運動は、どちらも第一次世界大戦後の1919年に起こった。,active,,,六月中3|前期期末,,,,,,,,
h_june3_046,history,大正デモクラシー,米騒動,1,choice,1918年、米の値上がりをきっかけに全国に広がった民衆運動を何というか。,米騒動,米騒動|五・四運動|三・一独立運動|自由民権運動,1918年、米の値段が急に上がったことをきっかけに、米騒動が全国へ広がった。,active,,,六月中3|前期期末,,,,,,,,
h_june3_047,history,大正デモクラシー,米騒動,2,choice,シベリア出兵を見越した米の買い占めなどで米価が上がり、全国に広がった運動はどれか。,米騒動,米騒動|護憲運動|五・四運動|廃藩置県,シベリア出兵を見こした米の買い占めで米価が上がり、米騒動が広がった。,active,,,六月中3|前期期末,,,,,,,,
h_june3_048,history,大正デモクラシー,原敬,1,choice,米騒動の後、本格的な政党内閣を組織した人物は誰か。,原敬,原敬|吉野作造|レーニン|ウィルソン,米騒動の後、原敬が本格的な政党内閣を組織した。,active,,,六月中3|前期期末,,,,,,,,
h_june3_049,history,大正デモクラシー,原敬,2,choice,原敬が中心となった政党はどれか。,立憲政友会,立憲政友会|立憲民政党|自由党|社会大衆党,原敬が中心となった政党は立憲政友会。原敬―立憲政友会で覚えよう。,active,,,六月中3|前期期末,,,,,,,,
h_june3_050,history,大正デモクラシー,政党内閣,1,choice,政党を基礎として組織される内閣を何というか。,政党内閣,政党内閣|超然内閣|挙国一致内閣|軍部内閣,政党をもとにしてつくられる内閣を「政党内閣」という。,active,,,六月中3|前期期末,,,,,,,,
h_june3_051,history,大正デモクラシー,大正デモクラシー,1,choice,大正時代に広がった、民主主義的な政治や社会を求める風潮を何というか。,大正デモクラシー,大正デモクラシー|自由民権運動|文明開化|富国強兵,大正時代に広がった、民主主義的な政治や社会を求める動きを大正デモクラシーという。,active,,,六月中3|前期期末,,,,,,,,
h_june3_052,history,大正デモクラシー,吉野作造,1,choice,民本主義を唱えた人物は誰か。,吉野作造,吉野作造|原敬|美濃部達吉|ウィルソン,吉野作造は民本主義を唱えた。吉野作造―民本主義で覚えよう。,active,,,六月中3|前期期末,,,,,,,,
h_june3_053,history,大正デモクラシー,民本主義,1,choice,吉野作造が唱えた、民衆の意向を政治に反映させる考えを何というか。,民本主義,民本主義|民族自決|社会主義|国家主義,民本主義は、民衆の意向を政治に反映させようとする考え。吉野作造が唱えた。,active,,,六月中3|前期期末,,,,,,,,
h_june3_055,history,大正デモクラシー,普通選挙法,1,choice,1925年、満25歳以上のすべての男子に衆議院議員の選挙権を認めた法律は何か。,普通選挙法,普通選挙法|治安維持法|国家総動員法|大日本帝国憲法,1925年の普通選挙法で、満25歳以上のすべての男子に衆議院議員の選挙権が認められた。,active,,,六月中3|前期期末,,,,,,,,
h_june3_056,history,大正デモクラシー,普通選挙法,2,choice,普通選挙法によって衆議院議員の選挙権を得たのは、原則としてどのような人々か。,満25歳以上の男子,満25歳以上の男子|満20歳以上の男女|満25歳以上の男女|満20歳以上の男子,普通選挙法で選挙権を得たのは満25歳以上の男子。女性にはまだ選挙権がなかった。,active,,,六月中3|前期期末,,,,,,,,
h_june3_057,history,大正デモクラシー,普通選挙法,2,choice,普通選挙法でなくなった選挙権の条件はどれか。,納税額による制限,納税額による制限|年齢による制限|国籍による制限|性別による制限,普通選挙法では納税額による制限がなくなったが、男子だけという性別の制限は残った。,active,,,六月中3|前期期末,,,,,,,,
h_june3_058,history,大正デモクラシー,治安維持法,1,choice,1925年、社会主義運動などを取り締まるために制定された法律は何か。,治安維持法,治安維持法|普通選挙法|国家総動員法|教育基本法,1925年、社会主義運動などを取り締まるために治安維持法が制定された。,active,,,六月中3|前期期末,,,,,,,,
h_june3_059,history,大正デモクラシー,1925年,2,choice,普通選挙法と同じ年に制定された法律はどれか。,治安維持法,治安維持法|国家総動員法|工場法|教育基本法,1925年には、普通選挙法と治安維持法の両方が制定された。セットで覚えよう。,active,,,六月中3|前期期末,,,,,,,,
h_june3_060,history,大正デモクラシー,社会運動,1,choice,労働者が労働条件の改善などを求めて団結する組織を何というか。,労働組合,労働組合|国際連盟|政党内閣|ソビエト,労働者が団結して労働条件の改善を目指す組織が労働組合。,active,,,六月中3|前期期末,,,,,,,,
h_june3_061,history,大正デモクラシー,社会運動,1,choice,労働者が労働条件の改善を求めて行う運動を何というか。,労働運動,労働運動|民族運動|自由民権運動|尊王攘夷運動,労働者が賃金や労働条件の改善を求める運動を労働運動という。,active,,,六月中3|前期期末,,,,,,,,
h_june3_062,history,大正デモクラシー,社会運動,1,choice,被差別部落の人々が差別からの解放を目指して1922年に結成した組織は何か。,全国水平社,全国水平社|国際連盟|立憲政友会|労働組合,1922年、被差別部落の人々が差別からの解放を目指して全国水平社を結成した。,active,,,六月中3|前期期末,,,,,,,,
h_june3_063,history,大正デモクラシー,社会運動,2,choice,全国水平社が目指したこととして最も適切なものはどれか。,部落差別からの解放,部落差別からの解放|朝鮮の独立|中国の反日運動|普通選挙の廃止,全国水平社は、被差別部落の人々への差別をなくすことを目指した。,active,,,六月中3|前期期末,,,,,,,,
h_june3_065,history,大正デモクラシー,関東大震災,1,choice,1923年、東京や横浜を中心に大きな被害を出した災害は何か。,関東大震災,関東大震災|濃尾地震|阪神・淡路大震災|東日本大震災,1923年、東京や横浜を中心に大きな被害を出したのが関東大震災。,active,,,六月中3|前期期末,,,,,,,,
h_june3_066,history,大正デモクラシー,関東大震災,2,choice,関東大震災が起こった年はどれか。,1923年,1923年|1918年|1925年|1929年,関東大震災は1923年。普通選挙法・治安維持法の1925年より2年前。,active,,,六月中3|前期期末,,,,,,,,
h_june3_067,history,大正デモクラシー,大衆文化,1,choice,1925年に日本で始まった新しい情報伝達手段はどれか。,ラジオ放送,ラジオ放送|テレビ放送|インターネット|衛星放送,日本でラジオ放送が始まったのは1925年。大衆文化が広がる時期の出来事。,active,,,六月中3|前期期末,,,,,,,,
h_june3_068,history,大正デモクラシー,大衆文化,2,choice,大正時代から昭和初期にかけて広がった大衆文化と関係が深いものはどれか。,ラジオや雑誌の普及,ラジオや雑誌の普及|寺子屋の普及|遣唐使の派遣|参勤交代,大正時代から昭和初期には、ラジオや雑誌などが広まり、大衆文化が発達した。,active,,,六月中3|前期期末,,,,,,,,
h_june3_069,history,第一次世界大戦とロシア革命,時系列,2,sort,次の出来事を古い順に並べ替えなさい。,第一次世界大戦|ロシア革命|米騒動,,年を確認すると、第一次世界大戦1914年→ロシア革命1917年→米騒動1918年。,active,sort_june3_01,,六月中3|前期期末|時系列,,sort_june3_01,第一次世界大戦|ロシア革命|米騒動,,,,,
h_june3_070,history,国際協調と民族運動,時系列,2,sort,次の出来事を古い順に並べ替えなさい。,第一次世界大戦|三・一独立運動|国際連盟発足,,年を確認すると、第一次世界大戦1914年→三・一独立運動1919年→国際連盟発足1920年。,active,sort_june3_02,,六月中3|前期期末|時系列,,sort_june3_02,第一次世界大戦|三・一独立運動|国際連盟発足,,,,,
h_june3_071,history,大正デモクラシー,時系列,2,sort,次の出来事を古い順に並べ替えなさい。,米騒動|関東大震災|普通選挙法,,年を確認すると、米騒動1918年→関東大震災1923年→普通選挙法1925年。,active,sort_june3_03,,六月中3|前期期末|時系列,,sort_june3_03,米騒動|関東大震災|普通選挙法,,,,,
h_june3_072,history,国際協調と民族運動,時系列,2,sort,次の出来事を古い順に並べ替えなさい。,ロシア革命|三・一独立運動|ソビエト社会主義共和国連邦成立|関東大震災,,年を確認すると、ロシア革命1917年→三・一独立運動1919年→ソ連成立1922年→関東大震災1923年。,active,sort_june3_04,,六月中3|前期期末|時系列,,sort_june3_04,ロシア革命|三・一独立運動|ソビエト社会主義共和国連邦成立|関東大震災,,,,,
h_june3_073,history,第一次世界大戦とロシア革命,第一次世界大戦,1,choice,第一次世界大戦が始まった年はいつか。,1914年,1914年|1917年|1918年|1920年,第一次世界大戦は1914年に始まった。「1914＝第一次世界大戦開始」と覚えよう。,active,,,六月中3|前期期末,,,,,,,,
h_june3_074,history,第一次世界大戦とロシア革命,第一次世界大戦,1,choice,第一次世界大戦が終わった年はいつか。,1918年,1918年|1914年|1917年|1920年,第一次世界大戦は1918年に終わった。1914年開始、1918年終了。,active,,,六月中3|前期期末,,,,,,,,
h_june3_075,history,第一次世界大戦とロシア革命,第一次世界大戦,1,choice,第一次世界大戦で、ドイツやオーストリアなどの側を何というか。,同盟国,同盟国|連合国|中立国|国際連盟,第一次世界大戦では、ドイツやオーストリアなどの側を同盟国、イギリスやフランスなどの側を連合国という。,active,,,六月中3|前期期末,,,,,,,,
h_june3_076,history,第一次世界大戦とロシア革命,大戦景気,1,choice,第一次世界大戦中、日本で輸出が増えて起こった好景気を何というか。,大戦景気,大戦景気|バブル景気|神武景気|いざなぎ景気,第一次世界大戦中、日本は輸出が増えて景気がよくなった。これを大戦景気という。,active,,,六月中3|前期期末,,,,,,,,
h_june3_077,history,第一次世界大戦とロシア革命,大戦景気,1,choice,第一次世界大戦中の好景気で急に大きな利益を得た人々を何と呼んだか。,成金,成金|華族|地主|士族,大戦景気で急に大きな利益を得た人々は「成金」と呼ばれた。,active,,,六月中3|前期期末,,,,,,,,
h_june3_078,history,国際協調と民族運動,ベルサイユ条約,2,choice,ベルサイユ条約でドイツに課された内容として正しいものはどれか。,巨額の賠償金を課される,巨額の賠償金を課される|海外の植民地を増やす|国際連盟を脱退する|中国の山東省を領有する,ベルサイユ条約で、敗れたドイツには巨額の賠償金など厳しい条件が課された。,active,,,六月中3|前期期末,,,,,,,,
h_june3_079,history,国際協調と民族運動,国際連盟,2,choice,国際連盟の事務局次長として活躍した日本人は誰か。,新渡戸稲造,新渡戸稲造|吉野作造|原敬|伊藤博文,新渡戸稲造は、国際連盟の事務局次長として活躍した日本人。,active,,,六月中3|前期期末,,,,,,,,
h_june3_080,history,国際協調と民族運動,インドの民族運動,1,choice,インドでイギリスからの自治を求める運動を指導した人物は誰か。,ガンディー,ガンディー|レーニン|ウィルソン|孫文,インドではガンディーが、イギリスからの自治を求める運動を進めた。,active,,,六月中3|前期期末,,,,,,,,
h_june3_081,history,国際協調と民族運動,インドの民族運動,1,choice,ガンディーが進めた運動の方針として正しいものはどれか。,非暴力・不服従,非暴力・不服従|富国強兵|尊王攘夷|武力による革命,ガンディーは、暴力を使わず従わない「非暴力・不服従」の方針で運動を進めた。,active,,,六月中3|前期期末,,,,,,,,
h_june3_082,history,国際協調と民族運動,ワシントン会議,1,choice,1921年、アメリカの提唱で開かれた国際会議は何か。,ワシントン会議,ワシントン会議|パリ講和会議|ロンドン会議|ヤルタ会談,1921年、アメリカの提唱でワシントン会議が開かれ、軍縮などが話し合われた。,active,,,六月中3|前期期末,,,,,,,,
h_june3_083,history,国際協調と民族運動,ワシントン会議,2,choice,ワシントン会議で結ばれ、日英同盟が廃止されることになった条約は何か。,四か国条約,四か国条約|九か国条約|海軍軍縮条約|ベルサイユ条約,ワシントン会議で結ばれた四か国条約によって、日英同盟は廃止されることになった。,active,,,六月中3|前期期末,,,,,,,,
h_june3_084,history,国際協調と民族運動,ワシントン会議,1,choice,ワシントン会議で結ばれ、各国の海軍の軍備縮小を決めた条約は何か。,海軍軍縮条約,海軍軍縮条約|九か国条約|四か国条約|不戦条約,ワシントン会議では、海軍の軍備を減らすための海軍軍縮条約が結ばれた。,active,,,六月中3|前期期末,,,,,,,,
h_june3_085,history,国際協調と民族運動,ワシントン会議,2,choice,ワシントン会議で結ばれ、中国の領土と主権の尊重などを定めた条約は何か。,九か国条約,九か国条約|四か国条約|海軍軍縮条約|ベルサイユ条約,九か国条約では、中国の領土と主権を尊重することなどが決められた。,active,,,六月中3|前期期末,,,,,,,,
h_june3_086,history,国際協調と民族運動,中国の民族運動,1,choice,中国国民党を結成し、中国の統一を目指した人物は誰か。,孫文,孫文|袁世凱|蒋介石|毛沢東,孫文は中国国民党を結成し、中国の統一を目指した。,active,,,六月中3|前期期末,,,,,,,,
h_june3_087,history,大正デモクラシー,第二次護憲運動,1,choice,1924年、立憲政治を守ることを求めて起こった運動を何というか。,第二次護憲運動,第二次護憲運動|自由民権運動|五・四運動|三・一独立運動,1924年、立憲政治を守ることを求めて第二次護憲運動が起こった。,active,,,六月中3|前期期末,,,,,,,,
h_june3_088,history,大正デモクラシー,社会運動,1,choice,労働者が賃金や労働条件の改善を求めて起こした争いを何というか。,労働争議,労働争議|小作争議|米騒動|護憲運動,労働者が賃金や労働条件の改善を求めて行う争いを労働争議という。,active,,,六月中3|前期期末,,,,,,,,
h_june3_089,history,大正デモクラシー,社会運動,1,choice,小作人が地主に対して小作料の引き下げなどを求めて起こした争いを何というか。,小作争議,小作争議|労働争議|米騒動|自由民権運動,小作人が地主に小作料の引き下げなどを求める争いを小作争議という。,active,,,六月中3|前期期末,,,,,,,,
h_june3_090,history,大正デモクラシー,女性運動,1,choice,女性の政治参加などを求めて平塚らいてうや市川房枝らが結成した団体は何か。,新婦人協会,新婦人協会|全国水平社|立憲政友会|国際連盟,平塚らいてうや市川房枝らは、女性の政治参加などを求めて新婦人協会を結成した。,active,,,六月中3|前期期末,,,,,,,,
h_june3_091,history,大正デモクラシー,女性運動,2,choice,新婦人協会の結成に関わった人物の組み合わせとして正しいものはどれか。,平塚らいてう・市川房枝,平塚らいてう・市川房枝|吉野作造・原敬|レーニン・ウィルソン|孫文・ガンディー,新婦人協会の結成に関わったのは平塚らいてうと市川房枝。女性運動とセットで覚えよう。,active,,,六月中3|前期期末,,,,,,,,
h_june3_092,history,大正デモクラシー,不戦条約,1,choice,1928年、戦争を国際紛争解決の手段として用いないことを定めた条約は何か。,不戦条約,不戦条約|ベルサイユ条約|九か国条約|ポーツマス条約,1928年、不戦条約で、国際紛争を解決する手段として戦争を行わないことを定めた。,active,,,六月中3|前期期末,,,,,,,,
h_june3_093,history,大正デモクラシー,普通選挙法,2,choice,普通選挙法にもとづく最初の衆議院議員総選挙が行われた年はいつか。,1928年,1928年|1925年|1923年|1920年,普通選挙法は1925年に制定され、それにもとづく最初の衆議院議員総選挙は1928年に行われた。,active,,,六月中3|前期期末,,,,,,,,
h_june3_094,history,大正デモクラシー,大衆文化,2,choice,大正時代の文学作品『羅生門』を書いた人物は誰か。,芥川龍之介,芥川龍之介|夏目漱石|森鴎外|樋口一葉,芥川龍之介は『羅生門』などを書いた作家。大正時代の文化と結びつけて覚えよう。,active,,,六月中3|前期期末,,,,,,,,
h_june3_095,history,国際協調と民族運動,時系列,2,sort,次の出来事を古い順に並べ替えなさい。,パリ講和会議|国際連盟発足|ワシントン会議|関東大震災|普通選挙法,,年を確認すると、パリ講和会議1919年→国際連盟発足1920年→ワシントン会議1921年→関東大震災1923年→普通選挙法1925年。,active,sort_june3_05,,六月中3|前期期末|時系列,,sort_june3_05,パリ講和会議|国際連盟発足|ワシントン会議|関東大震災|普通選挙法,,,,,
h_iko3_main_001,history,産業革命・近代文化,産業革命,1,choice,日本の産業革命の初期に特に発達した産業はどれか。,綿糸の紡績業,綿糸の紡績業|自動車工業|石油化学工業|航空機工業,日本の産業革命の初期には綿糸の紡績業が発達しました。,active,,,伊興中3|前期期末|p48|本編,,,,,,,,
h_iko3_main_002,history,産業革命・近代文化,貿易,1,choice,日本の産業革命初期、生糸の主な輸出先はどこか。,アメリカ,アメリカ|中国|インド|ロシア,生糸は主にアメリカへ輸出されました。,active,,,伊興中3|前期期末|p48|本編,,,,,,,,
h_iko3_main_003,history,産業革命・近代文化,八幡製鉄所,1,choice,1901年に操業を開始した官営の製鉄所はどれか。,八幡製鉄所,八幡製鉄所|富岡製糸場|横須賀製鉄所|大阪紡績会社,1901年に官営八幡製鉄所が操業を開始しました。,active,,,伊興中3|前期期末|p48|本編,,,,,,,,
h_iko3_main_004,history,産業革命・近代文化,重工業,2,choice,八幡製鉄所の操業開始後、特に発達した工業はどれか。,重工業,重工業|家内制手工業|農業|水産業,製鉄業の発達とともに重工業が発達しました。,active,,,伊興中3|前期期末|p48|本編,,,,,,,,
h_iko3_main_005,history,産業革命・近代文化,足尾銅山鉱毒事件,1,choice,足尾銅山鉱毒事件の解決に取り組んだ人物は誰か。,田中正造,田中正造|原敬|陸奥宗光|小村寿太郎,田中正造は足尾銅山鉱毒事件の解決に取り組みました。,active,,,伊興中3|前期期末|p48|本編,,,,,,,,
h_iko3_main_006,history,産業革命・近代文化,足尾銅山鉱毒事件,1,choice,田中正造が解決に取り組んだ公害問題はどれか。,足尾銅山鉱毒事件,足尾銅山鉱毒事件|米騒動|大逆事件|日比谷焼打ち事件,田中正造は足尾銅山鉱毒事件の解決に取り組みました。,active,,,伊興中3|前期期末|p48|本編,,,,,,,,
h_iko3_main_009,history,産業革命・近代文化,社会主義,1,choice,資本主義を批判し、平等な社会を目指す考えを何というか。,社会主義,社会主義|民族自決|民本主義|富国強兵,資本主義を批判し、平等な社会を目指す考えが社会主義です。,active,,,伊興中3|前期期末|p48|本編,,,,,,,,
h_iko3_main_010,history,産業革命・近代文化,社会主義,1,choice,日本の社会主義運動と関係が深い人物は誰か。,幸徳秋水,幸徳秋水|田中正造|伊藤博文|原敬,幸徳秋水は日本の社会主義運動と関係の深い人物です。,active,,,伊興中3|前期期末|p48|本編,,,,,,,,
h_iko3_main_011,history,産業革命・近代文化,工場法,1,choice,労働者を保護するために制定された法律はどれか。,工場法,工場法|普通選挙法|治安維持法|国家総動員法,労働者を保護するため工場法が制定されました。,active,,,伊興中3|前期期末|p48|本編,,,,,,,,
h_iko3_main_012,history,産業革命・近代文化,近代文化,1,choice,『吾輩は猫である』などを書いた人物は誰か。,夏目漱石,夏目漱石|森鷗外|樋口一葉|正岡子規,『吾輩は猫である』は夏目漱石の作品です。,active,,,伊興中3|前期期末|p48|本編,,,,,,,,
h_iko3_main_013,history,産業革命・近代文化,近代文化,1,choice,『舞姫』などを書いた人物は誰か。,森鷗外,森鷗外|夏目漱石|樋口一葉|与謝野晶子,『舞姫』は森鷗外の作品です。,active,,,伊興中3|前期期末|p48|本編,,,,,,,,
h_iko3_main_014,history,産業革命・近代文化,近代文化,1,choice,『たけくらべ』を書いた人物は誰か。,樋口一葉,樋口一葉|森鷗外|夏目漱石|正岡子規,『たけくらべ』は樋口一葉の作品です。,active,,,伊興中3|前期期末|p48|本編,,,,,,,,
h_iko3_main_015,history,産業革命・近代文化,近代文化,1,choice,『みだれ髪』で知られる歌人は誰か。,与謝野晶子,与謝野晶子|樋口一葉|森鷗外|夏目漱石,『みだれ髪』で知られる歌人は与謝野晶子です。,active,,,伊興中3|前期期末|p48|本編,,,,,,,,
h_iko3_main_018,history,国際協調と民族運動,インドの民族運動,1,choice,非暴力・不服従の運動を進めたガンディーは、どこの国の人物か。,インド,インド|中国|朝鮮|ロシア,ガンディーはインドの民族運動を指導しました。,active,,,伊興中3|前期期末|p57|本編,,,,,,,,
h_iko3_main_020,history,国際協調と民族運動,ワシントン会議,1,choice,ワシントン会議を提唱した国はどこか。,アメリカ,アメリカ|日本|ドイツ|ロシア,ワシントン会議はアメリカの提唱で開かれました。,active,,,伊興中3|前期期末|p57|本編,,,,,,,,
h_iko3_main_021,history,国際協調と民族運動,ワシントン会議,2,choice,ワシントン会議で結ばれた条約によって廃止された同盟は何か。,日英同盟,日英同盟|三国同盟|三国協商|日独伊三国同盟,ワシントン会議で結ばれた四か国条約により日英同盟は廃止されました。,active,,,伊興中3|前期期末|p57|本編,,,,,,,,
h_iko3_main_024,history,国際協調と民族運動,ワシントン会議,2,choice,ワシントン会議後、日本が中国へ返還することになった権益は、どこの地域のものか。,山東省,山東省|遼東半島|台湾|南樺太,日本は中国の山東省の権益を返還しました。,active,,,伊興中3|前期期末|p57|本編,,,,,,,,
h_iko3_review_001,history,近代前半復習,幕末,1,choice,江戸幕府が開国した後、外国との貿易に反対し、天皇を尊び外国勢力を追い払おうとした考えを何というか。,尊王攘夷,尊王攘夷|富国強兵|殖産興業|文明開化,天皇を尊び外国勢力を追い払おうとする考えを尊王攘夷といいます。,active,,,伊興中3|前期期末|p49-54|復習,,,,,,,,
h_iko3_review_002,history,近代前半復習,幕末,1,choice,幕府が反対派を厳しく処罰した安政の大獄を行った人物は誰か。,井伊直弼,井伊直弼|大久保利通|西郷隆盛|木戸孝允,井伊直弼は安政の大獄で幕府に反対する人々を処罰しました。,active,,,伊興中3|前期期末|p49-54|復習,,,,,,,,
h_iko3_review_003,history,近代前半復習,幕末,1,choice,井伊直弼が幕府に反対する人々を厳しく処罰したことを何というか。,安政の大獄,安政の大獄|桜田門外の変|大政奉還|廃藩置県,井伊直弼が反対派を処罰した出来事が安政の大獄です。,active,,,伊興中3|前期期末|p49-54|復習,,,,,,,,
h_iko3_review_004,history,近代前半復習,幕末,1,choice,井伊直弼が暗殺された事件は何か。,桜田門外の変,桜田門外の変|安政の大獄|西南戦争|禁門の変,1860年、井伊直弼は桜田門外の変で暗殺されました。,active,,,伊興中3|前期期末|p49-54|復習,,,,,,,,
h_iko3_review_005,history,近代前半復習,幕末,1,choice,薩摩藩と長州藩が結んだ同盟を何というか。,薩長同盟,薩長同盟|日英同盟|三国同盟|三国協商,薩摩藩と長州藩は薩長同盟を結びました。,active,,,伊興中3|前期期末|p49-54|復習,,,,,,,,
h_iko3_review_006,history,近代前半復習,幕末,1,choice,薩長同盟の成立を仲介した人物は誰か。,坂本龍馬,坂本龍馬|伊藤博文|板垣退助|大隈重信,坂本龍馬は薩摩藩と長州藩の同盟成立を仲介しました。,active,,,伊興中3|前期期末|p49-54|復習,,,,,,,,
h_iko3_review_007,history,近代前半復習,幕末,1,choice,江戸幕府が政権を朝廷に返したことを何というか。,大政奉還,大政奉還|版籍奉還|廃藩置県|王政復古,徳川慶喜が政権を朝廷に返したことを大政奉還といいます。,active,,,伊興中3|前期期末|p49-54|復習,,,,,,,,
h_iko3_review_008,history,近代前半復習,幕末,1,choice,大政奉還を行った江戸幕府最後の将軍は誰か。,徳川慶喜,徳川慶喜|徳川家康|徳川吉宗|徳川家光,江戸幕府最後の将軍徳川慶喜が大政奉還を行いました。,active,,,伊興中3|前期期末|p49-54|復習,,,,,,,,
h_iko3_review_009,history,近代前半復習,明治維新,1,choice,新政府が1868年に示した政治の基本方針を何というか。,五箇条の御誓文,五箇条の御誓文|大日本帝国憲法|教育勅語|民撰議院設立建白書,明治新政府は五箇条の御誓文を示しました。,active,,,伊興中3|前期期末|p49-54|復習,,,,,,,,
h_iko3_review_010,history,近代前半復習,明治維新,1,choice,藩を廃止して府と県を置いた改革を何というか。,廃藩置県,廃藩置県|版籍奉還|地租改正|殖産興業,1871年に廃藩置県が行われました。,active,,,伊興中3|前期期末|p49-54|復習,,,,,,,,
h_iko3_review_012,history,近代前半復習,明治維新,1,choice,満20歳になった男子に兵役の義務を負わせた法令は何か。,徴兵令,徴兵令|学制|地租改正|廃藩置県,1873年に徴兵令が出され、満20歳になった男子に兵役の義務が課されました。,active,,,伊興中3|前期期末|p49-54|復習,,,,,,,,
h_iko3_review_014,history,近代前半復習,明治維新,1,choice,土地の価格をもとに、土地所有者が現金で税を納めるようにした改革を何というか。,地租改正,地租改正|廃藩置県|徴兵令|版籍奉還,地租改正では、土地の価格をもとに土地所有者が現金で税を納める制度に改められました。,active,,,伊興中3|前期期末|p49-54|復習,,,,,,,,
h_iko3_review_016,history,近代前半復習,明治維新,1,choice,近代的な学校制度を整えるため、1872年に公布されたものは何か。,学制,学制|徴兵令|工場法|普通選挙法,1872年に学制が公布され、近代的な学校制度が整えられていきました。,active,,,伊興中3|前期期末|p49-54|復習,,,,,,,,
h_iko3_review_017,history,近代前半復習,明治維新,1,choice,欧米の文化や生活様式が取り入れられ、人々の生活が変化したことを何というか。,文明開化,文明開化|殖産興業|富国強兵|自由民権運動,明治初期には欧米の文化や生活様式が取り入れられ、文明開化と呼ばれました。,active,,,伊興中3|前期期末|p49-54|復習,,,,,,,,
h_iko3_review_018,history,近代前半復習,明治維新,1,choice,近代産業を育て、国の経済力を高めようとした政策を何というか。,殖産興業,殖産興業|尊王攘夷|民族自決|自由民権運動,政府は殖産興業を進め、近代産業の育成を図りました。,active,,,伊興中3|前期期末|p49-54|復習,,,,,,,,
h_iko3_review_019,history,近代前半復習,明治維新,1,choice,経済を発展させ軍事力を強くする明治政府の方針を何というか。,富国強兵,富国強兵|文明開化|民族自決|民本主義,明治政府は富国強兵を掲げ、国力と軍事力の強化を進めました。,active,,,伊興中3|前期期末|p49-54|復習,,,,,,,,
h_iko3_review_020,history,近代前半復習,岩倉使節団,1,choice,欧米の制度や文化を調査するために派遣された使節団を何というか。,岩倉使節団,岩倉使節団|遣唐使|天正遣欧少年使節|慶長遣欧使節,明治政府は欧米の制度や文化を調査するため岩倉使節団を派遣しました。,active,,,伊興中3|前期期末|p49-54|復習,,,,,,,,
h_iko3_review_021,history,近代前半復習,自由民権運動,1,choice,国会の開設や国民の政治参加を求めて広がった運動を何というか。,自由民権運動,自由民権運動|尊王攘夷運動|労働運動|護憲運動,国会の開設や国民の政治参加を求める自由民権運動が広がりました。,active,,,伊興中3|前期期末|p49-54|復習,,,,,,,,
h_iko3_review_022,history,近代前半復習,自由民権運動,1,choice,自由民権運動の中心人物の一人で、民撰議院設立建白書を提出した人物は誰か。,板垣退助,板垣退助|伊藤博文|陸奥宗光|小村寿太郎,板垣退助らは民撰議院設立建白書を提出し、国会開設を求めました。,active,,,伊興中3|前期期末|p49-54|復習,,,,,,,,
h_iko3_review_023,history,近代前半復習,自由民権運動,1,choice,板垣退助らが国会の開設を求めて提出したものは何か。,民撰議院設立建白書,民撰議院設立建白書|五箇条の御誓文|教育勅語|大日本帝国憲法,板垣退助らは1874年に民撰議院設立建白書を提出しました。,active,,,伊興中3|前期期末|p49-54|復習,,,,,,,,
h_iko3_review_024,history,近代前半復習,自由民権運動,1,choice,板垣退助を中心に結成された政党はどれか。,自由党,自由党|立憲改進党|立憲政友会|立憲民政党,板垣退助を中心に自由党が結成されました。,active,,,伊興中3|前期期末|p49-54|復習,,,,,,,,
h_iko3_review_025,history,近代前半復習,自由民権運動,1,choice,大隈重信を中心に結成された政党はどれか。,立憲改進党,立憲改進党|自由党|立憲政友会|社会大衆党,大隈重信を中心に立憲改進党が結成されました。,active,,,伊興中3|前期期末|p49-54|復習,,,,,,,,
h_iko3_review_028,history,近代前半復習,憲法と議会,1,choice,大日本帝国憲法の制定に中心的な役割を果たした人物は誰か。,伊藤博文,伊藤博文|板垣退助|大隈重信|原敬,伊藤博文はヨーロッパで憲法を調査し、大日本帝国憲法の制定に中心的な役割を果たしました。,active,,,伊興中3|前期期末|p49-54|復習,,,,,,,,
h_iko3_review_029,history,近代前半復習,憲法と議会,1,choice,1889年に発布された憲法は何か。,大日本帝国憲法,大日本帝国憲法|日本国憲法|五箇条の御誓文|教育基本法,1889年に大日本帝国憲法が発布されました。,active,,,伊興中3|前期期末|p49-54|復習,,,,,,,,
h_iko3_review_030,history,近代前半復習,憲法と議会,2,choice,大日本帝国憲法で主権を持つとされたのは誰か。,天皇,天皇|国民|内閣総理大臣|帝国議会,大日本帝国憲法では、主権は天皇にあるとされました。,active,,,伊興中3|前期期末|p49-54|復習,,,,,,,,
h_iko3_review_031,history,近代前半復習,憲法と議会,1,choice,1890年に開かれた日本最初の議会を何というか。,帝国議会,帝国議会|国会|枢密院|参議院,1890年に帝国議会が開かれました。,active,,,伊興中3|前期期末|p49-54|復習,,,,,,,,
h_iko3_review_032,history,近代前半復習,条約改正,1,choice,領事裁判権の撤廃に成功した外務大臣は誰か。,陸奥宗光,陸奥宗光|小村寿太郎|伊藤博文|大隈重信,陸奥宗光は1894年に領事裁判権の撤廃に成功しました。,active,,,伊興中3|前期期末|p49-54|復習,,,,,,,,
h_iko3_review_033,history,近代前半復習,条約改正,1,choice,陸奥宗光が撤廃に成功した不平等条約の内容はどれか。,領事裁判権,領事裁判権|関税自主権|普通選挙権|参政権,陸奥宗光は領事裁判権の撤廃に成功しました。,active,,,伊興中3|前期期末|p49-54|復習,,,,,,,,
h_iko3_review_034,history,近代前半復習,条約改正,1,choice,関税自主権の完全回復に成功した外務大臣は誰か。,小村寿太郎,小村寿太郎|陸奥宗光|板垣退助|原敬,小村寿太郎は1911年に関税自主権の完全回復に成功しました。,active,,,伊興中3|前期期末|p49-54|復習,,,,,,,,
h_iko3_review_035,history,近代前半復習,条約改正,1,choice,小村寿太郎が完全回復した権利はどれか。,関税自主権,関税自主権|領事裁判権|普通選挙権|参政権,小村寿太郎は関税自主権を完全に回復しました。,active,,,伊興中3|前期期末|p49-54|復習,,,,,,,,
h_iko3_review_036,history,近代前半復習,日清戦争,1,choice,1894年に日本と清の間で始まった戦争は何か。,日清戦争,日清戦争|日露戦争|西南戦争|第一次世界大戦,1894年、日本と清の間で日清戦争が始まりました。,active,,,伊興中3|前期期末|p49-54|復習,,,,,,,,
h_iko3_review_037,history,近代前半復習,日清戦争,1,choice,日清戦争後、日本と清の間で結ばれた条約は何か。,下関条約,下関条約|ポーツマス条約|ベルサイユ条約|日英同盟,日清戦争後、日本と清は下関条約を結びました。,active,,,伊興中3|前期期末|p49-54|復習,,,,,,,,
h_iko3_review_038,history,近代前半復習,三国干渉,1,choice,日清戦争後、ロシア・ドイツ・フランスが日本に遼東半島の返還を求めたことを何というか。,三国干渉,三国干渉|三国同盟|三国協商|二十一か条の要求,ロシア・ドイツ・フランスによる遼東半島返還の要求を三国干渉といいます。,active,,,伊興中3|前期期末|p49-54|復習,,,,,,,,
h_iko3_review_039,history,近代前半復習,三国干渉,2,choice,三国干渉を行った3か国の組み合わせとして正しいものはどれか。,ロシア・ドイツ・フランス,ロシア・ドイツ・フランス|イギリス・フランス・ロシア|ドイツ・オーストリア・イタリア|アメリカ・イギリス・フランス,三国干渉を行ったのはロシア・ドイツ・フランスです。,active,,,伊興中3|前期期末|p49-54|復習,,,,,,,,
h_iko3_review_040,history,近代前半復習,日英同盟,1,choice,ロシアに対抗するため、日本が1902年にイギリスと結んだ同盟は何か。,日英同盟,日英同盟|三国同盟|三国協商|日独伊三国同盟,1902年、日本はイギリスと日英同盟を結びました。,active,,,伊興中3|前期期末|p49-54|復習,,,,,,,,
h_iko3_ww_001,history,世界恐慌とファシズム,世界恐慌,1,choice,1929年、アメリカから世界に広がった深刻な不況を何というか。,世界恐慌,世界恐慌|大戦景気|米騒動|昭和維新,1929年、アメリカから世界恐慌が広がりました。,active,,,伊興中3|前期期末|世界恐慌-第二次世界大戦,,,,,,,,
h_iko3_ww_002,history,世界恐慌とファシズム,世界恐慌,1,choice,世界恐慌が始まるきっかけとなった株価の大暴落が起こった国はどこか。,アメリカ,アメリカ|イギリス|ドイツ|ソ連,1929年、アメリカの株価大暴落をきっかけに世界恐慌が広がりました。,active,,,伊興中3|前期期末|世界恐慌-第二次世界大戦,,,,,,,,
h_iko3_ww_003,history,世界恐慌とファシズム,ニューディール政策,1,choice,世界恐慌に対して、アメリカが行った政策を何というか。,ニューディール政策,ニューディール政策|ブロック経済|五か年計画|国家総動員法,アメリカではニューディール政策によって政府が積極的に経済へ関わりました。,active,,,伊興中3|前期期末|世界恐慌-第二次世界大戦,,,,,,,,
h_iko3_ww_004,history,世界恐慌とファシズム,ニューディール政策,1,choice,ニューディール政策を行ったアメリカ大統領は誰か。,ルーズベルト,ルーズベルト|ウィルソン|ヒトラー|スターリン,ルーズベルト大統領は世界恐慌への対策としてニューディール政策を行いました。,active,,,伊興中3|前期期末|世界恐慌-第二次世界大戦,,,,,,,,
h_iko3_ww_005,history,世界恐慌とファシズム,ニューディール政策,2,choice,ルーズベルト大統領が世界恐慌への対策として行った政策はどれか。,ニューディール政策,ニューディール政策|ブロック経済|五か年計画|富国強兵,ルーズベルトとニューディール政策をセットで覚えましょう。,active,,,伊興中3|前期期末|世界恐慌-第二次世界大戦,,,,,,,,
h_iko3_ww_006,history,世界恐慌とファシズム,ブロック経済,1,choice,イギリスやフランスが、植民地との結び付きを強めて自国の経済を守ろうとした政策を何というか。,ブロック経済,ブロック経済|ニューディール政策|五か年計画|殖産興業,イギリスやフランスは植民地との結び付きを強めるブロック経済を進めました。,active,,,伊興中3|前期期末|世界恐慌-第二次世界大戦,,,,,,,,
h_iko3_ww_007,history,世界恐慌とファシズム,ブロック経済,2,choice,世界恐慌に対してブロック経済を進めた国の組み合わせとして適切なものはどれか。,イギリス・フランス,イギリス・フランス|ドイツ・イタリア|日本・ソ連|アメリカ・ソ連,多くの植民地を持つイギリスやフランスはブロック経済を進めました。,active,,,伊興中3|前期期末|世界恐慌-第二次世界大戦,,,,,,,,
h_iko3_ww_008,history,世界恐慌とファシズム,ソ連,1,choice,世界恐慌の影響を比較的受けず、五か年計画を進めていた国はどこか。,ソ連,ソ連|アメリカ|イギリス|フランス,ソ連は五か年計画による計画経済を進めていました。,active,,,伊興中3|前期期末|世界恐慌-第二次世界大戦,,,,,,,,
h_iko3_ww_009,history,世界恐慌とファシズム,ファシズム,1,choice,イタリアでファシスト党を率いて独裁政治を行った人物は誰か。,ムッソリーニ,ムッソリーニ|ヒトラー|スターリン|レーニン,イタリアではムッソリーニがファシスト党を率いました。,active,,,伊興中3|前期期末|世界恐慌-第二次世界大戦,,,,,,,,
h_iko3_ww_010,history,世界恐慌とファシズム,ファシズム,1,choice,ドイツでナチスを率いて独裁政治を行った人物は誰か。,ヒトラー,ヒトラー|ムッソリーニ|スターリン|ルーズベルト,ドイツではヒトラーがナチスを率いて独裁政治を行いました。,active,,,伊興中3|前期期末|世界恐慌-第二次世界大戦,,,,,,,,
h_iko3_ww_011,history,世界恐慌とファシズム,ナチス,1,choice,ヒトラーが率いたドイツの政党はどれか。,ナチス,ナチス|ファシスト党|立憲政友会|共産党,ヒトラーはドイツでナチスを率いました。,active,,,伊興中3|前期期末|世界恐慌-第二次世界大戦,,,,,,,,
h_iko3_ww_012,history,世界恐慌とファシズム,ファシズム,2,choice,「ドイツ―ヒトラー」と同じように、イタリアの独裁者として正しい人物は誰か。,ムッソリーニ,ムッソリーニ|スターリン|レーニン|ウィルソン,ドイツはヒトラー、イタリアはムッソリーニと区別しましょう。,active,,,伊興中3|前期期末|世界恐慌-第二次世界大戦,,,,,,,,
h_iko3_ww_013,history,満州事変と日中戦争,満州事変,1,choice,1931年、日本の関東軍が中国東北部で軍事行動を拡大した事件を何というか。,満州事変,満州事変|日中戦争|盧溝橋事件|五・一五事件,1931年に満州事変が起こりました。,active,,,伊興中3|前期期末|世界恐慌-第二次世界大戦,,,,,,,,
h_iko3_ww_014,history,満州事変と日中戦争,満州国,1,choice,満州事変後、日本が中国東北部につくらせた国を何というか。,満州国,満州国|中華民国|大韓帝国|中華人民共和国,日本は満州事変後、中国東北部に満州国をつくらせました。,active,,,伊興中3|前期期末|世界恐慌-第二次世界大戦,,,,,,,,
h_iko3_ww_015,history,満州事変と日中戦争,満州国,2,choice,日本が満州国の元首とした清の最後の皇帝は誰か。,溥儀,溥儀|孫文|蒋介石|袁世凱,満州国では清の最後の皇帝であった溥儀が元首となりました。,active,,,伊興中3|前期期末|世界恐慌-第二次世界大戦,,,,,,,,
h_iko3_ww_016,history,満州事変と日中戦争,国際連盟脱退,1,choice,満州事変をめぐって国際的に批判された日本が1933年に脱退した国際機関は何か。,国際連盟,国際連盟|国際連合|三国同盟|ワシントン会議,日本は満州事変をめぐる国際連盟の対応に反発し、1933年に国際連盟を脱退しました。,active,,,伊興中3|前期期末|世界恐慌-第二次世界大戦,,,,,,,,
h_iko3_ww_017,history,満州事変と日中戦争,国際連盟脱退,2,choice,日本が国際連盟を脱退した年はいつか。,1933年,1933年|1931年|1936年|1937年,日本は1933年に国際連盟を脱退しました。,active,,,伊興中3|前期期末|世界恐慌-第二次世界大戦,,,,,,,,
h_iko3_ww_018,history,満州事変と日中戦争,五・一五事件,1,choice,1932年、海軍の青年将校らが犬養毅首相を暗殺した事件を何というか。,五・一五事件,五・一五事件|二・二六事件|満州事変|盧溝橋事件,1932年の五・一五事件で犬養毅首相が暗殺されました。,active,,,伊興中3|前期期末|世界恐慌-第二次世界大戦,,,,,,,,
h_iko3_ww_019,history,満州事変と日中戦争,五・一五事件,1,choice,五・一五事件で暗殺された首相は誰か。,犬養毅,犬養毅|原敬|東条英機|近衛文麿,1932年の五・一五事件で犬養毅首相が暗殺されました。,active,,,伊興中3|前期期末|世界恐慌-第二次世界大戦,,,,,,,,
h_iko3_ww_020,history,満州事変と日中戦争,二・二六事件,1,choice,1936年、陸軍の青年将校らが東京の中心部を占拠した事件を何というか。,二・二六事件,二・二六事件|五・一五事件|満州事変|日中戦争,1936年に陸軍の青年将校らによる二・二六事件が起こりました。,active,,,伊興中3|前期期末|世界恐慌-第二次世界大戦,,,,,,,,
h_iko3_ww_021,history,満州事変と日中戦争,軍部の台頭,2,choice,五・一五事件や二・二六事件の後、日本の政治で強まったものはどれか。,軍部の発言力,軍部の発言力|政党政治の安定|女性の政治参加|国際連盟の影響力,五・一五事件や二・二六事件を経て、軍部の政治への発言力が強まりました。,active,,,伊興中3|前期期末|世界恐慌-第二次世界大戦,,,,,,,,
h_iko3_ww_022,history,満州事変と日中戦争,日中戦争,1,choice,1937年、日本と中国の間で始まった戦争を何というか。,日中戦争,日中戦争|日露戦争|日清戦争|太平洋戦争,1937年に日中戦争が始まりました。,active,,,伊興中3|前期期末|世界恐慌-第二次世界大戦,,,,,,,,
h_iko3_ww_023,history,満州事変と日中戦争,盧溝橋事件,1,choice,日中戦争が始まるきっかけとなった事件は何か。,盧溝橋事件,盧溝橋事件|満州事変|五・一五事件|サラエボ事件,1937年の盧溝橋事件をきっかけに日中戦争が始まりました。,active,,,伊興中3|前期期末|世界恐慌-第二次世界大戦,,,,,,,,
h_iko3_ww_024,history,満州事変と日中戦争,盧溝橋事件,2,choice,盧溝橋事件をきっかけに始まった戦争はどれか。,日中戦争,日中戦争|満州事変|太平洋戦争|第一次世界大戦,盧溝橋事件をきっかけに日中戦争が始まりました。,active,,,伊興中3|前期期末|世界恐慌-第二次世界大戦,,,,,,,,
h_iko3_ww_025,history,満州事変と日中戦争,国家総動員法,1,choice,1938年、政府が議会の承認なしに人や物資を戦争に動員できるようにした法律は何か。,国家総動員法,国家総動員法|治安維持法|普通選挙法|工場法,1938年に国家総動員法が制定され、戦争に必要な人や物資を政府が動員できるようになりました。,active,,,伊興中3|前期期末|世界恐慌-第二次世界大戦,,,,,,,,
h_iko3_ww_026,history,満州事変と日中戦争,戦時体制,1,choice,戦争に必要な物資が不足する中で、生活必需品を一定量ずつ配る制度を何というか。,配給制,配給制|徴兵制|地租改正|普通選挙,戦時中には生活必需品などを一定量ずつ配る配給制が広がりました。,active,,,伊興中3|前期期末|世界恐慌-第二次世界大戦,,,,,,,,
h_iko3_ww_027,history,第二次世界大戦と太平洋戦争,第二次世界大戦,1,choice,1939年、ドイツがどこの国へ侵攻したことをきっかけに第二次世界大戦が始まったか。,ポーランド,ポーランド|フランス|ソ連|イタリア,1939年、ドイツのポーランド侵攻をきっかけに第二次世界大戦が始まりました。,active,,,伊興中3|前期期末|世界恐慌-第二次世界大戦,,,,,,,,
h_iko3_ww_028,history,第二次世界大戦と太平洋戦争,第二次世界大戦,1,choice,ドイツのポーランド侵攻をきっかけに1939年に始まった戦争は何か。,第二次世界大戦,第二次世界大戦|第一次世界大戦|日中戦争|太平洋戦争,1939年に第二次世界大戦が始まりました。,active,,,伊興中3|前期期末|世界恐慌-第二次世界大戦,,,,,,,,
h_iko3_ww_029,history,第二次世界大戦と太平洋戦争,独ソ不可侵条約,1,choice,第二次世界大戦直前、ドイツとソ連が互いに攻撃しないことを約束して結んだ条約は何か。,独ソ不可侵条約,独ソ不可侵条約|日ソ中立条約|ベルサイユ条約|不戦条約,1939年、ドイツとソ連は独ソ不可侵条約を結びました。,active,,,伊興中3|前期期末|世界恐慌-第二次世界大戦,,,,,,,,
h_iko3_ww_030,history,第二次世界大戦と太平洋戦争,日独伊三国同盟,1,choice,1940年、日本がドイツ・イタリアと結んだ同盟を何というか。,日独伊三国同盟,日独伊三国同盟|三国同盟|三国協商|日英同盟,1940年、日本・ドイツ・イタリアは日独伊三国同盟を結びました。,active,,,伊興中3|前期期末|世界恐慌-第二次世界大戦,,,,,,,,
h_iko3_ww_031,history,第二次世界大戦と太平洋戦争,日ソ中立条約,1,choice,1941年、日本とソ連が互いに中立を守ることを約束して結んだ条約は何か。,日ソ中立条約,日ソ中立条約|独ソ不可侵条約|日独伊三国同盟|不戦条約,1941年、日本とソ連は日ソ中立条約を結びました。,active,,,伊興中3|前期期末|世界恐慌-第二次世界大戦,,,,,,,,
h_iko3_ww_032,history,第二次世界大戦と太平洋戦争,日ソ中立条約,2,choice,日ソ中立条約を結んだ国の組み合わせとして正しいものはどれか。,日本・ソ連,日本・ソ連|ドイツ・ソ連|日本・ドイツ|日本・アメリカ,日ソ中立条約は日本とソ連の間で結ばれました。,active,,,伊興中3|前期期末|世界恐慌-第二次世界大戦,,,,,,,,
h_iko3_ww_033,history,第二次世界大戦と太平洋戦争,太平洋戦争,1,choice,1941年、日本が攻撃したアメリカのハワイにある軍事基地はどこか。,真珠湾,真珠湾|ミッドウェー|サイパン|沖縄,1941年、日本軍はハワイの真珠湾を攻撃しました。,active,,,伊興中3|前期期末|世界恐慌-第二次世界大戦,,,,,,,,
h_iko3_ww_034,history,第二次世界大戦と太平洋戦争,太平洋戦争,1,choice,日本軍による真珠湾攻撃などをきっかけに始まった戦争を何というか。,太平洋戦争,太平洋戦争|日中戦争|日露戦争|第一次世界大戦,1941年、日本の真珠湾攻撃などをきっかけに太平洋戦争が始まりました。,active,,,伊興中3|前期期末|世界恐慌-第二次世界大戦,,,,,,,,
h_iko3_ww_035,history,第二次世界大戦と太平洋戦争,太平洋戦争,1,choice,太平洋戦争が始まった年はいつか。,1941年,1941年|1937年|1939年|1945年,太平洋戦争は1941年に始まりました。,active,,,伊興中3|前期期末|世界恐慌-第二次世界大戦,,,,,,,,
h_iko3_ww_036,history,第二次世界大戦と太平洋戦争,太平洋戦争,2,choice,太平洋戦争で日本と戦った連合国の中心となった国はどこか。,アメリカ,アメリカ|ドイツ|イタリア|ソ連,太平洋戦争では日本は主にアメリカなどの連合国と戦いました。,active,,,伊興中3|前期期末|世界恐慌-第二次世界大戦,,,,,,,,
h_iko3_ww_037,history,第二次世界大戦と太平洋戦争,ミッドウェー海戦,1,choice,1942年、日本がアメリカに敗れ、その後の戦局が日本に不利になる大きなきっかけとなった海戦は何か。,ミッドウェー海戦,ミッドウェー海戦|日本海海戦|黄海海戦|沖縄戦,1942年のミッドウェー海戦で日本は大きな損害を受け、その後戦局が不利になっていきました。,active,,,伊興中3|前期期末|世界恐慌-第二次世界大戦,,,,,,,,
h_iko3_ww_038,history,第二次世界大戦と太平洋戦争,学徒出陣,1,choice,戦争中、大学生などが徴兵され戦地へ送られたことを何というか。,学徒出陣,学徒出陣|学童疎開|勤労動員|徴兵令,戦争が激しくなると大学生なども徴兵され、学徒出陣が行われました。,active,,,伊興中3|前期期末|世界恐慌-第二次世界大戦,,,,,,,,
h_iko3_ww_039,history,第二次世界大戦と太平洋戦争,学童疎開,1,choice,空襲を避けるため、都市の子どもたちを地方へ移したことを何というか。,学童疎開,学童疎開|学徒出陣|配給制|勤労動員,空襲を避けるため、都市の子どもたちを地方へ移す学童疎開が行われました。,active,,,伊興中3|前期期末|世界恐慌-第二次世界大戦,,,,,,,,
h_iko3_ww_040,history,第二次世界大戦と太平洋戦争,沖縄戦,1,choice,1945年、日本国内で住民を巻き込む激しい地上戦が行われた地域はどこか。,沖縄,沖縄|北海道|東京|広島,1945年、沖縄では住民を巻き込む激しい地上戦が行われました。,active,,,伊興中3|前期期末|世界恐慌-第二次世界大戦,,,,,,,,
h_iko3_ww_041,history,第二次世界大戦と太平洋戦争,原子爆弾,1,choice,1945年8月6日、アメリカによって原子爆弾が投下された都市はどこか。,広島,広島|長崎|東京|大阪,1945年8月6日、広島に原子爆弾が投下されました。,active,,,伊興中3|前期期末|世界恐慌-第二次世界大戦,,,,,,,,
h_iko3_ww_042,history,第二次世界大戦と太平洋戦争,原子爆弾,1,choice,1945年8月9日、アメリカによって原子爆弾が投下された都市はどこか。,長崎,長崎|広島|横浜|神戸,1945年8月9日、長崎に原子爆弾が投下されました。,active,,,伊興中3|前期期末|世界恐慌-第二次世界大戦,,,,,,,,
h_iko3_ww_043,history,第二次世界大戦と太平洋戦争,ソ連参戦,1,choice,1945年8月、日ソ中立条約を破って日本との戦争に参戦した国はどこか。,ソ連,ソ連|ドイツ|イタリア|中国,1945年8月、ソ連は日本との戦争に参戦しました。,active,,,伊興中3|前期期末|世界恐慌-第二次世界大戦,,,,,,,,
h_iko3_ww_044,history,第二次世界大戦と太平洋戦争,ポツダム宣言,1,choice,日本に無条件降伏などを求めた宣言を何というか。,ポツダム宣言,ポツダム宣言|カイロ宣言|大西洋憲章|ベルサイユ条約,連合国は日本に降伏を求めるポツダム宣言を出しました。,active,,,伊興中3|前期期末|世界恐慌-第二次世界大戦,,,,,,,,
h_iko3_ww_045,history,第二次世界大戦と太平洋戦争,ポツダム宣言,1,choice,第二次世界大戦末期、日本が受諾した宣言はどれか。,ポツダム宣言,ポツダム宣言|ベルサイユ条約|九か国条約|不戦条約,日本はポツダム宣言を受諾し、連合国に降伏しました。,active,,,伊興中3|前期期末|世界恐慌-第二次世界大戦,,,,,,,,
h_iko3_ww_046,history,第二次世界大戦と太平洋戦争,第二次世界大戦終結,1,choice,日本がポツダム宣言を受諾して降伏した年はいつか。,1945年,1945年|1941年|1939年|1937年,日本は1945年にポツダム宣言を受諾して降伏しました。,active,,,伊興中3|前期期末|世界恐慌-第二次世界大戦,,,,,,,,
r8_fuki3_001,history,現代史,冷戦,1,choice,1989年にアメリカ、ソ連の首脳の間で宣言された戦争の名前,冷戦,冷戦|湾岸戦争|イラク戦争|太平洋戦争,1989年にアメリカとソ連の首脳によって冷戦の終結が宣言されました。,active,,,R8|中3|前期期末|原問題,,,,,,,,
r8_fuki3_002,history,現代史,グローバル化,1,choice,国境を越えた活動が活発となり、世界が一体となること,グローバル化,グローバル化|情報化|少子高齢化|国際分業,国境を越えた活動が活発になり、世界が一体となることをグローバル化といいます。,active,,,R8|中3|前期期末|原問題,,,,,,,,
r8_fuki3_003,history,現代史,ドイツ統一,1,choice,1990年に2つの国が統一してできた国,ドイツ,ドイツ|イタリア|ロシア|フランス,1990年に東西ドイツが統一されました。,active,,,R8|中3|前期期末|原問題,,,,,,,,
r8_fuki3_004,history,現代史,湾岸戦争,1,choice,1991年にイラクのクウェート侵攻に対してアメリカを主体とする多国籍軍がイラクを攻撃した。この戦争の名前,湾岸戦争,湾岸戦争|イラク戦争|アフガニスタン戦争|冷戦,1991年にイラクのクウェート侵攻をきっかけに湾岸戦争が起こりました。,active,,,R8|中3|前期期末|原問題,,,,,,,,
r8_fuki3_005,history,現代史,同時多発テロ,1,choice,2001年にアメリカで起きたイスラム過激派によるテロが起こった。そのテロの名前は。,同時多発テロ（9.11テロ）,同時多発テロ（9.11テロ）|湾岸戦争|イラク戦争|冷戦,2001年にアメリカで同時多発テロ（9.11テロ）が起こりました。,active,,,R8|中3|前期期末|原問題,,,,,,,,
r8_fuki3_006,history,現代史,イラク戦争,1,choice,2003年にアメリカがイラクの政権をたおした戦争,イラク戦争,イラク戦争|湾岸戦争|朝鮮戦争|ベトナム戦争,2003年にアメリカなどがイラクを攻撃し、イラク戦争が始まりました。,active,,,R8|中3|前期期末|原問題,,,,,,,,
r8_fuki3_007,history,現代史,主要国首脳会議,1,choice,主要国首脳が集まって国際社会の問題について解決のために、毎年競技を行っている会議,主要国首脳会議（サミット）,主要国首脳会議（サミット）|国際連合総会|安全保障理事会|ワシントン会議,主要国首脳会議はサミットとも呼ばれます。,active,,,R8|中3|前期期末|原問題,,,,,,,,
r8_fuki3_008,history,現代史,ヨーロッパ連合,1,choice,1993年に成立したヨーロッパの組織で、統一通貨のユーロを導入したり、加盟国間の往来を自由にしている。,ヨーロッパ連合（EU）,ヨーロッパ連合（EU）|国際連合（UN）|東南アジア諸国連合（ASEAN）|北大西洋条約機構（NATO）,1993年にヨーロッパ連合（EU）が成立しました。,active,,,R8|中3|前期期末|原問題,,,,,,,,
r8_fuki3_009,history,現代史,バブル経済,1,choice,1991年に地価、株価の急落とともに、終わった好景気,バブル経済,バブル経済|高度経済成長|いざなぎ景気|神武景気,地価や株価が大きく上昇した好景気をバブル経済といいます。,active,,,R8|中3|前期期末|原問題,,,,,,,,
r8_fuki3_010,history,現代史,55年体制,1,choice,1993年、自民党政権に代わり、8党派の連立内閣が成立したことで終わった体制,55年体制,55年体制|大政翼賛体制|幕藩体制|冷戦体制,1955年から続いた55年体制は1993年に終わりました。,active,,,R8|中3|前期期末|原問題,,,,,,,,
r8_add_001,history,現代史,冷戦,2,choice,冷戦の終結が宣言された年はいつか。,1989年,1989年|1990年|1991年|1993年,1989年、アメリカとソ連の首脳によって冷戦の終結が宣言されました。,active,,,R8|中3|前期期末|追加問題,,,,,,,,
r8_add_002,history,現代史,ドイツ統一,2,choice,東西ドイツが統一された年はいつか。,1990年,1990年|1989年|1991年|1993年,東西ドイツは1990年に統一されました。,active,,,R8|中3|前期期末|追加問題,,,,,,,,
r8_add_003,history,現代史,湾岸戦争,2,choice,湾岸戦争が起こった年はいつか。,1991年,1991年|1989年|2001年|2003年,湾岸戦争は1991年に起こりました。,active,,,R8|中3|前期期末|追加問題,,,,,,,,
r8_add_004,history,現代史,湾岸戦争,2,choice,湾岸戦争のきっかけとなった出来事はどれか。,イラクのクウェート侵攻,イラクのクウェート侵攻|アメリカ同時多発テロ|東西ドイツの統一|ソ連の崩壊,イラクのクウェート侵攻に対して多国籍軍が攻撃し、湾岸戦争となりました。,active,,,R8|中3|前期期末|追加問題,,,,,,,,
r8_add_005,history,現代史,同時多発テロ,2,choice,同時多発テロ（9.11テロ）がアメリカで起こった年はいつか。,2001年,2001年|1991年|2003年|1993年,同時多発テロは2001年に起こりました。,active,,,R8|中3|前期期末|追加問題,,,,,,,,
r8_add_006,history,現代史,イラク戦争,2,choice,イラク戦争が始まった年はいつか。,2003年,2003年|2001年|1991年|1993年,イラク戦争は2003年に始まりました。,active,,,R8|中3|前期期末|追加問題,,,,,,,,
r8_add_007,history,現代史,EU,2,choice,ヨーロッパ連合（EU）が成立した年はいつか。,1993年,1993年|1989年|1990年|2001年,ヨーロッパ連合（EU）は1993年に成立しました。,active,,,R8|中3|前期期末|追加問題,,,,,,,,
r8_add_008,history,現代史,EU,2,choice,ヨーロッパ連合（EU）で導入された統一通貨は何か。,ユーロ,ユーロ|ドル|ポンド|ルーブル,EUでは統一通貨ユーロが導入されています。,active,,,R8|中3|前期期末|追加問題,,,,,,,,
r8_add_009,history,現代史,バブル経済,2,choice,地価や株価の急落とともに1991年に終わった好景気は何か。,バブル経済,バブル経済|高度経済成長|いざなぎ景気|岩戸景気,1991年にバブル経済が終わりました。,active,,,R8|中3|前期期末|追加問題,,,,,,,,
r8_add_010,history,現代史,55年体制,2,choice,55年体制が終わった年はいつか。,1993年,1993年|1955年|1989年|2003年,1993年、8党派による連立内閣の成立によって55年体制が終わりました。,active,,,R8|中3|前期期末|追加問題,,,,,,,,