questionId,subject,unit,subunit,difficulty,mode,question,answer,choices,explanation,status,answerGroup,relatedQuestionIds,tags,imagePath
phy_001,physics,光,光の直進,1,text,光が空気中などをまっすぐ進む性質を何というか。,光の直進,,光は同じ物質中ではまっすぐ進みます(光の直進)。,active,,,,
phy_002,physics,光,凸レンズ,1,choice,中央が厚く、光を集めるはたらきがあり実像や虚像をつくるレンズを何というか。,凸レンズ,凸レンズ|凹レンズ|プリズム|鏡,凸レンズは光を集めるはたらきがあり、実像や虚像をつくります。,active,,,,
phy_003,physics,音,振動数,1,text,音源が1秒間に振動する回数を何というか。,振動数,,振動数はヘルツ(Hz)という単位で表され、音の高さを決めます。,active,,,,
phy_004,physics,力と圧力,力の単位,1,text,力の大きさを表す単位をアルファベット1文字で答えなさい。,N,,力の大きさの単位はN(ニュートン)です。,active,,,,
phy_005,physics,力と圧力,フックの法則,1,choice,ばねの伸びが加えた力の大きさに比例するという法則を何というか。,フックの法則,フックの法則|オームの法則|作用反作用の法則|慣性の法則,ばねの伸びが力の大きさに比例することをフックの法則といいます。,active,,,,
phy_006,physics,電流と電圧,電流の単位,1,text,電流の大きさを表す単位をアルファベット1文字で答えなさい。,A,,電流の大きさの単位はA(アンペア)です。,active,,,,
phy_007,physics,電流と電圧,オームの法則,1,choice,電圧は電流と抵抗の積で表されるという法則を何というか。,オームの法則,オームの法則|フックの法則|フレミングの法則|クーロンの法則,電圧(V)=電流(A)×抵抗(Ω)という関係をオームの法則といいます。,active,,,,
phy_008,physics,電力と熱,電力,1,text,1秒間あたりに使われる電気エネルギーの量を何というか。,電力,,電力(W)は電圧と電流の積で求められる、電気エネルギーの量です。,active,,,,
phy_009,physics,運動とエネルギー,平均の速さ,1,choice,ある物体が100mを20秒で進んだ。平均の速さは何m/sか。,5m/s,2m/s|5m/s|20m/s|2000m/s,平均の速さ=道のり÷時間=100÷20=5m/sです。,active,,,,
phy_010,physics,運動とエネルギー,仕事,1,choice,10Nの力で物体を2m持ち上げた。このときした仕事は何Jか。,20J,5J|8J|20J|200J,仕事(J)=力(N)×距離(m)=10×2=20Jです。,active,,,,
phy_011,physics,光,反射,1,text,光が物体に当たってはね返ることを何というか。,反射,,光が物体の表面ではね返ることを反射といいます。,active,,,,
phy_012,physics,光,反射の法則,1,choice,光が反射するとき、入射角と反射角の関係はどれか。,入射角=反射角,入射角=反射角|入射角>反射角|入射角<反射角|関係はない,光が反射するとき、入射角と反射角は常に等しくなります(反射の法則)。,active,,,,
phy_013,physics,光,屈折,1,text,光が異なる物質の境界に進むとき、その境界で光の進む方向が変わることを何というか。,屈折,,光が空気中から水中へ進むときなどに屈折が起こります。,active,,,,
phy_014,physics,光,全反射,1,text,光が境界面ですべて反射し、外へ出ていかなくなる現象を何というか。,全反射,,水中から空気中へ進む光が、ある角度以上になると全反射します。,active,,,,
phy_015,physics,光,実像,1,choice,凸レンズによってスクリーン上に映すことができる、光が実際に集まってできる像を何というか。,実像,実像|虚像|鏡像|残像,凸レンズを通った光が実際に集まってスクリーンに映る像を実像といいます。,active,,,,
phy_016,physics,光,虚像,1,text,凸レンズを通してものを見たときに、実際には光が集まっていないのに見える大きな像を何というか。,虚像,,焦点より内側に物体を置くと、スクリーンには映らない虚像が見えます。,active,,,,
phy_017,physics,音,音源,1,text,音を出しているもとになる物体を何というか。,音源,,音を発している物体を音源(発音体)といいます。,active,,,,
phy_018,physics,音,振動,1,text,音源が振れ動くことを何というか。,振動,,音源が振動することで音が発生します。,active,,,,
phy_019,physics,音,振幅,1,choice,音源の振動の振れ幅を何というか。,振幅,振幅|振動数|波長|周期,振動の中心から最大に振れた位置までの幅を振幅といいます。,active,,,,
phy_020,physics,音,音の高さ,1,choice,振動数が多いほど、音はどうなるか。,高くなる,高くなる|低くなる|大きくなる|小さくなる,振動数が多いほど音は高くなります。,active,,,,
phy_021,physics,音,音の大きさ,1,choice,振幅が大きいほど、音はどうなるか。,大きくなる,高くなる|低くなる|大きくなる|小さくなる,振幅が大きいほど音は大きくなります。,active,,,,
phy_022,physics,音,音の速さ,1,choice,空気中を伝わる音の速さは、光の速さと比べるとどうか。,音のほうがはるかに遅い,音のほうがはるかに遅い|音のほうがはるかに速い|ほぼ同じ速さである|音は伝わらない,音の速さは秒速約340mで、秒速約30万kmの光よりはるかに遅いです。,active,,,,
phy_023,physics,力と圧力,重力,1,text,地球が物体を地球の中心に向かって引く力を何というか。,重力,,地球上の物体には、地球の中心に向かう重力がはたらきます。,active,,,,
phy_024,physics,力と圧力,ばね,1,choice,ばねに加える力を大きくすると、ばねの伸びはどうなるか。,大きくなる,大きくなる|小さくなる|変わらない|0になる,フックの法則により、加える力が大きいほどばねの伸びも大きくなります。,active,,,,
phy_025,physics,力と圧力,力のつり合い,1,text,1つの物体にはたらく2つの力の大きさが等しく、向きが反対で一直線上にあるとき、この状態を何というか。,力のつり合い,,力の大きさが等しく向きが反対で一直線上にあるとき、力はつり合っているといいます(力のつり合い)。,active,,,,
phy_026,physics,力と圧力,圧力の単位,1,choice,圧力の単位はどれか。,Pa,Pa|N|J|W,圧力の単位はPa(パスカル)です。,active,,,,
phy_027,physics,力と圧力,圧力,1,choice,一定の力がはたらくとき、力がはたらく面積が小さくなると圧力はどうなるか。,大きくなる,大きくなる|小さくなる|変わらない|0になる,同じ力でも、面積が小さいほど圧力は大きくなります。,active,,,,
phy_028,physics,力と圧力,水圧,1,text,水中の物体にはたらく、水の重さによる圧力を何というか。,水圧,,水中では深いほど水圧が大きくなります。,active,,,,
phy_029,physics,力と圧力,浮力,1,text,水中の物体にはたらく、上向きの力を何というか。,浮力,,水中の物体には、周囲の水による上向きの浮力がはたらきます。,active,,,,
phy_030,physics,電流と電圧,電圧の単位,1,text,電圧の大きさを表す単位をアルファベット1文字で答えなさい。,V,,電圧の大きさの単位はV(ボルト)です。,active,,,,
phy_031,physics,電流と電圧,抵抗の単位,1,choice,電気抵抗の大きさを表す単位はどれか。,Ω,Ω|A|V|W,電気抵抗の単位はΩ(オーム)です。,active,,,,
phy_032,physics,電流と電圧,直列回路,1,text,電流の流れる道すじが1本にまとまっている回路を何というか。,直列回路,,枝分かれのない、1本道でつながる回路を直列回路といいます。,active,,,,
phy_033,physics,電流と電圧,並列回路,1,text,電流の流れる道すじが枝分かれしている回路を何というか。,並列回路,,枝分かれして複数の道すじがある回路を並列回路といいます。,active,,,,
phy_034,physics,電流と電圧,直列回路の電流,1,choice,直列回路の各点を流れる電流の大きさはどうなるか。,どこでも同じ大きさである,どこでも同じ大きさである|回路の場所によって異なる|抵抗が大きいほど大きい|電源に近いほど大きい,直列回路では、回路のどこでも電流の大きさは同じです。,active,,,,
phy_035,physics,電流と電圧,電流計,1,text,回路に流れる電流の大きさをはかる計器を何というか。,電流計,,電流計は回路に直列につないで電流をはかります。,active,,,,
phy_036,physics,電流と電圧,オームの法則の計算,1,choice,抵抗が10Ωの電熱線に2Aの電流が流れているとき、電圧は何Vか。,20V,2V|5V|20V|200V,オームの法則より、電圧(V)=電流(A)×抵抗(Ω)=2×10=20Vです。,active,,,,
phy_037,physics,電力と熱,電力の単位,1,text,電力の大きさを表す単位をアルファベット1文字で答えなさい。,W,,電力の単位はW(ワット)です。,active,,,,
phy_038,physics,電力と熱,電力の計算,1,choice,6Vの電圧で2Aの電流が流れる電気器具の電力は何Wか。,12W,3W|8W|12W|24W,電力(W)=電圧(V)×電流(A)=6×2=12Wです。,active,,,,
phy_039,physics,電力と熱,電力量,1,text,電力を使った時間をかけた、電気エネルギーの総量を何というか。,電力量,,電力量=電力×時間で求められます。,active,,,,
phy_040,physics,電力と熱,電力量の単位,1,choice,電力量の単位として使われるものはどれか。,ジュール,ジュール|ニュートン|パスカル|アンペア,電力量の単位にはジュール(J)やワット時(Wh)が使われます。,active,,,,
phy_041,physics,電力と熱,発熱量,1,text,電流が流れることで電熱線などから発生する熱の量を何というか。,発熱量,,電流による発熱量は電力と時間の積で求められます。,active,,,,
phy_042,physics,電力と熱,電力量の計算,1,choice,100Wの電気器具を10秒間使用したときの電力量は何Jか。,1000J,10J|100J|1000J|10000J,電力量(J)=電力(W)×時間(秒)=100×10=1000Jです。,active,,,,
phy_043,physics,運動とエネルギー,速さの単位,1,choice,速さの単位としてよく使われるものはどれか。,m/s,m/s|N|J|Pa,速さの単位には、m/s(メートル毎秒)やkm/hなどが使われます。,active,,,,
phy_044,physics,運動とエネルギー,等速直線運動,1,text,一定の速さで一直線上を進む運動を何というか。,等速直線運動,,速さも向きも変わらない運動を等速直線運動といいます。,active,,,,
phy_045,physics,運動とエネルギー,力と運動,1,choice,物体に力がはたらいていないか、力がつり合っているとき、静止している物体はどうなるか。,静止し続ける,静止し続ける|等速直線運動を始める|加速する|回転し始める,力がはたらいていなければ、静止していた物体は静止し続けます(慣性の法則)。,active,,,,
phy_046,physics,運動とエネルギー,仕事の単位,1,text,仕事の大きさを表す単位をアルファベット1文字で答えなさい。,J,,仕事の単位はJ(ジュール)です。,active,,,,
phy_047,physics,運動とエネルギー,仕事率,1,text,1秒間あたりにする仕事の大きさを何というか。,仕事率,,仕事率(W)=仕事(J)÷時間(秒)で求められます。,active,,,,
phy_048,physics,運動とエネルギー,仕事率の計算,1,choice,60Jの仕事を10秒間で行ったときの仕事率は何Wか。,6W,0.6W|6W|60W|600W,仕事率(W)=仕事(J)÷時間(秒)=60÷10=6Wです。,active,,,,
phy_049,physics,運動とエネルギー,位置エネルギー,1,text,物体が高い位置にあることによってもつエネルギーを何というか。,位置エネルギー,,高い位置にある物体ほど、大きな位置エネルギーをもちます。,active,,,,
phy_050,physics,運動とエネルギー,運動エネルギー,1,choice,運動している物体がもつエネルギーを何というか。,運動エネルギー,位置エネルギー|運動エネルギー|力学的エネルギー|熱エネルギー,運動している物体がもつエネルギーを運動エネルギーといいます。,active,,,,
phy_051,physics,力と圧力,圧力の計算,1,choice,底面積2m2の物体が地面を10Nの力で押している。このときの圧力は何Paか。,5Pa,0.2Pa|5Pa|8Pa|20Pa,圧力(Pa)=力(N)÷面積(m2)=10÷2=5Paです。,active,,,,
phy_052,physics,電流と電圧,並列回路の電圧,1,choice,並列回路で、各抵抗(各枝)にかかる電圧の大きさはどうなるか。,どこも同じ大きさである,どこも同じ大きさである|電源に近いほど大きい|抵抗が大きいほど大きい|合計すると電源電圧になる,並列回路では、各抵抗にかかる電圧は電源の電圧と同じ大きさになります。,active,,,,
phy_053,physics,電流と電圧,並列回路の電流,1,choice,並列回路で、枝分かれする前の電流(全体の電流)と、各抵抗を流れる電流の関係として正しいものはどれか。,各抵抗を流れる電流の和が全体の電流に等しい,各抵抗を流れる電流の和が全体の電流に等しい|各抵抗を流れる電流はすべて同じである|全体の電流の方が必ず小さい|関係はない,並列回路では、各抵抗を流れる電流の和が、枝分かれする前の電流(全体の電流)に等しくなります。,active,,,,
phy_054,physics,電流と電圧,合成抵抗の計算,1,choice,5Ωと10Ωの抵抗を直列につないだときの合成抵抗は何Ωか。,15Ω,2Ω|5Ω|10Ω|15Ω,直列回路の合成抵抗は、各抵抗の値の和になるので5+10=15Ωです。,active,,,,
phy_055,physics,運動とエネルギー,力学的エネルギー,1,text,位置エネルギーと運動エネルギーの和を何というか。,力学的エネルギー,,位置エネルギーと運動エネルギーの和を力学的エネルギーといいます。,active,,,,
phy_056,physics,運動とエネルギー,力学的エネルギー保存,1,choice,摩擦や空気抵抗を考えないとき、物体が高い位置から落下する間、力学的エネルギーはどうなるか。,一定に保たれる,一定に保たれる|しだいに大きくなる|しだいに小さくなる|0になる,摩擦や空気抵抗がなければ、位置エネルギーと運動エネルギーが移り変わっても力学的エネルギーの総量は一定に保たれます(力学的エネルギー保存の法則)。,active,,,,
phy_057,physics,運動とエネルギー,力と運動,1,choice,物体に力がはたらいていないか、力がつり合っているとき、運動している物体はどうなるか。,等速直線運動を続ける,等速直線運動を続ける|静止する|加速する|減速する,力がはたらいていなければ、運動している物体はそのままの速さで等速直線運動を続けます(慣性の法則)。,active,,,,
phy_058,physics,電流と電圧,回路の基本,1,choice,図の回路は、かん電池1こと豆電球2こが1本の輪でつながっている。この回路のつなぎ方を何というか。,直列回路,直列回路|並列回路|開回路|短絡回路,電池・豆電球が枝分かれせずに1本の道すじでつながっている回路を直列回路といいます。,active,,,,assets/questions/physics-circuit-series-basic.svg
phy_059,physics,光,反射角,1,choice,図のように、鏡の反射面に対して入射角35°で光が入射した。反射角は何度か。,35°,35°|55°|70°|90°,光が反射するとき、入射角と反射角は常に等しくなります(反射の法則)。図の入射角が35°なので、反射角も35°です。,active,,,,assets/questions/physics-light-reflection-angle.svg
phy_060,physics,光,屈折(空気→水),1,choice,図のように、光が空気中から水中へ進むとき、水中での光の道筋は法線に対してどうなるか。,法線に近づく(角度が小さくなる),法線に近づく(角度が小さくなる)|法線から遠ざかる(角度が大きくなる)|同じ角度のまま直進する|反射して空気中へ戻る,光が空気中から水中(密度の大きい物質)へ進むとき、光は法線に近づくように屈折し、屈折角は入射角より小さくなります。,active,,,,assets/questions/physics-light-refraction-air-to-water.svg
phy_061,physics,光,屈折(水→空気),1,choice,図のように、光が水中から空気中へ進むとき、空気中での光の道筋は法線に対してどうなるか。,法線から遠ざかる(角度が大きくなる),法線から遠ざかる(角度が大きくなる)|法線に近づく(角度が小さくなる)|同じ角度のまま直進する|そのまま水中に戻る,光が水中から空気中(密度の小さい物質)へ進むとき、光は法線から遠ざかるように屈折し、屈折角は入射角より大きくなります。,active,,,,assets/questions/physics-light-refraction-water-to-air.svg
phy_062,physics,光,実像の向き,1,choice,図のように、凸レンズによって物体の実像ができた。この実像の向きは物体に対してどうなるか。,上下が逆になる(倒立),上下が逆になる(倒立)|物体と同じ向き(正立)|左右だけが逆になる|向きは変わらない,凸レンズによってできる実像は、物体に対して上下・左右が逆(倒立)になります。,active,,,,assets/questions/physics-lens-real-image-inverted.svg
phy_063,physics,光,全反射,1,choice,図のように、水中から空気中へ進もうとした光が、境界面ですべて反射した。この現象を何というか。,全反射,全反射|屈折|直進|干渉,光が水中から空気中へ進むとき、入射角がある一定の角度より大きくなると、光は屈折せずに境界面ですべて反射します。これを全反射といいます。,active,,,,assets/questions/physics-light-total-internal-reflection.svg
phy_064,physics,電流と電圧,電流計の接続,1,choice,図は電流計を回路につないだようすを表している。このつなぎ方は電流計の使い方として正しいか。,正しい(回路に直列につないでいる),正しい(回路に直列につないでいる)|誤り(並列につなぐべきである)|誤り(電源に逆向きにつなぐべきである)|誤り(電流計は使わなくてよい),電流計は、電流の大きさを測りたい部分に対して直列につなぎます。図のように回路の道すじに組み込む形が正しいつなぎ方です。,active,,,,assets/questions/physics-ammeter-series-connection.svg
phy_065,physics,電流と電圧,電圧計の接続,1,choice,図は電圧計を豆電球につないだようすを表している。このつなぎ方は電圧計の使い方として正しいか。,正しい(豆電球に並列につないでいる),正しい(豆電球に並列につないでいる)|誤り(直列につなぐべきである)|誤り(電源だけにつなぐべきである)|誤り(電圧計は使わなくてよい),電圧計は、電圧を測りたい部分(この場合は豆電球)に対して並列につなぎます。図のように枝分かれさせてつなぐ形が正しいつなぎ方です。,active,,,,assets/questions/physics-voltmeter-parallel-connection.svg
phy_066,physics,電流と電圧,並列回路の電流(分岐),1,choice,図のような並列回路で、点Pを流れる電流と、点Q・点Sを流れる電流の関係として正しいものはどれか。,点Pの電流=点Qの電流+点Sの電流,点Pの電流=点Qの電流+点Sの電流|点Pの電流=点Qの電流=点Sの電流|点Pの電流の方が必ず小さい|関係はない,並列回路では、枝分かれする前の点Pを流れる電流の大きさは、各枝(点Q・点S)を流れる電流の大きさの和に等しくなります。,active,,,,assets/questions/physics-circuit-parallel-junction.svg
phy_067,physics,電流と電圧,並列回路の電圧(分岐),1,choice,図のような並列回路で、抵抗R1とR2にかかる電圧の関係として正しいものはどれか。,R1とR2の電圧は同じ大きさである,R1とR2の電圧は同じ大きさである|R1の方が必ず大きい|R2の方が必ず大きい|足すと電源電圧の2倍になる,並列回路では、各抵抗は電源の同じ2点の間につながれているため、R1とR2にかかる電圧はどちらも電源電圧と同じ大きさになります。,active,,,,assets/questions/physics-circuit-parallel-junction.svg
phy_068,physics,力と圧力,力のつり合い(図),1,choice,図のように、静止している物体に大きさが等しく、向きが反対の2つの力Fがはたらいている。この物体はこれからどうなるか。,静止し続ける,静止し続ける|力の大きい方へ動き出す|回転運動を始める|向きを変えて動き出す,大きさが等しく向きが反対の2つの力がはたらいているとき、力はつり合っており合力は0になります。静止していた物体は、力がつり合っている間は静止し続けます。,active,,,,assets/questions/physics-force-balance-equal-opposite.svg
phy_069,physics,力と圧力,重力と垂直抗力,1,choice,図のように机の上で静止している物体には、重力と垂直抗力がはたらいている。この2つの力の大きさの関係として正しいものはどれか。,大きさが等しい(つり合っている),大きさが等しい(つり合っている)|重力の方が大きい|垂直抗力の方が大きい|関係はない,物体が静止しているとき、物体にはたらく重力と机からの垂直抗力はつり合っており、大きさが等しくなっています。,active,,,,assets/questions/physics-force-gravity-normal-force.svg
phy_motion_001,physics,運動とエネルギー,記録タイマー,1,choice,一定時間ごとに記録テープに打点する装置を何というか。,記録タイマー,記録タイマー|ストップウォッチ|ばねばかり|電流計,一定時間ごとに記録テープに打点する装置を記録タイマーといいます。,active,,,中3|物体の運動,
phy_motion_002,physics,運動とエネルギー,記録タイマー,1,choice,記録タイマーでは、記録テープの何から一定時間ごとの移動距離（速さ）がわかるか。,打点の間隔,打点の間隔|テープの長さ|テープの色|テープの幅,記録テープの打点の間隔から、一定時間ごとの移動距離を調べることができます。,active,,,中3|物体の運動,
phy_motion_003,physics,運動とエネルギー,記録タイマー,1,choice,東日本の交流の周波数は何Hzか。,50Hz,50Hz|60Hz|40Hz|100Hz,教材では東日本の交流の周波数を50Hzとしています。,active,,,中3|物体の運動,
phy_motion_004,physics,運動とエネルギー,記録タイマー,1,choice,西日本の交流の周波数は何Hzか。,60Hz,60Hz|50Hz|40Hz|100Hz,教材では西日本の交流の周波数を60Hzとしています。,active,,,中3|物体の運動,
phy_motion_005,physics,運動とエネルギー,記録タイマー,1,choice,東日本の50Hzでは、記録タイマーの打点の時間間隔は何秒か。,1/50秒,1/50秒|1/60秒|1/10秒|1/5秒,50Hzでは打点の時間間隔は1/50秒です。,active,,,中3|物体の運動,
phy_motion_006,physics,運動とエネルギー,記録タイマー,1,choice,西日本の60Hzでは、記録タイマーの打点の時間間隔は何秒か。,1/60秒,1/60秒|1/50秒|1/10秒|1/6秒,60Hzでは打点の時間間隔は1/60秒です。,active,,,中3|物体の運動,
phy_motion_007,physics,運動とエネルギー,記録タイマー,1,choice,東日本の50Hzの記録テープを0.1秒ごとに区切るとき、教材では何打点ごとに区切っているか。,5打点,5打点|6打点|10打点|50打点,教材では東日本50Hzの場合、5打点で0.1秒として区切っています。,active,,,中3|物体の運動,
phy_motion_008,physics,運動とエネルギー,記録タイマー,1,choice,西日本の60Hzの記録テープを0.1秒ごとに区切るとき、教材では何打点ごとに区切っているか。,6打点,6打点|5打点|10打点|60打点,教材では西日本60Hzの場合、6打点で0.1秒として区切っています。,active,,,中3|物体の運動,
phy_motion_009,physics,運動とエネルギー,記録タイマー,2,choice,記録テープを0.1秒ごとに区切るとき、東日本50Hzと西日本60Hzの組み合わせとして正しいものはどれか。,東日本5打点・西日本6打点,東日本5打点・西日本6打点|東日本6打点・西日本5打点|東日本5打点・西日本5打点|東日本6打点・西日本6打点,教材では東日本は5打点、西日本は6打点で0.1秒として扱っています。,active,,,中3|物体の運動,
phy_motion_010,physics,運動とエネルギー,速さ,1,choice,速さとは、単位時間あたりに物体が何をする距離か。,移動する,移動する|回転する|停止する|変形する,速さは、単位時間あたりに物体が移動する距離です。,active,,,中3|物体の運動,
phy_motion_011,physics,運動とエネルギー,速さ,1,choice,速さを求める式として正しいものはどれか。,移動距離÷かかった時間,移動距離÷かかった時間|かかった時間÷移動距離|移動距離×かかった時間|移動距離＋かかった時間,速さ＝移動距離÷かかった時間です。,active,,,中3|物体の運動,
phy_motion_012,physics,運動とエネルギー,速さ,1,choice,速さの単位として教材に示されていないものはどれか。,kg/s,m/s|cm/s|km/h|kg/s,教材ではm/s、cm/s、km/hなどが速さの単位として示されています。,active,,,中3|物体の運動,
phy_motion_013,physics,運動とエネルギー,速さ,1,choice,m/sは何という速さの単位か。,メートル毎秒,メートル毎秒|センチメートル毎秒|キロメートル毎時|メートル毎時,m/sはメートル毎秒です。,active,,,中3|物体の運動,
phy_motion_014,physics,運動とエネルギー,速さ,1,choice,cm/sは何という速さの単位か。,センチメートル毎秒,センチメートル毎秒|メートル毎秒|キロメートル毎時|センチメートル毎時,cm/sはセンチメートル毎秒です。,active,,,中3|物体の運動,
phy_motion_015,physics,運動とエネルギー,速さ,1,choice,km/hは何という速さの単位か。,キロメートル毎時,キロメートル毎時|キロメートル毎秒|メートル毎秒|センチメートル毎秒,km/hはキロメートル毎時です。,active,,,中3|物体の運動,
phy_motion_016,physics,運動とエネルギー,平均の速さ,1,choice,ある距離を一定の速さで移動し続けたと考えて求めた速さを何というか。,平均の速さ,平均の速さ|瞬間の速さ|等速直線運動|移動距離,このようにして求めた速さを平均の速さといいます。,active,,,中3|物体の運動,
phy_motion_017,physics,運動とエネルギー,平均の速さ,2,choice,自動車が48mを4秒で移動した。この自動車の平均の速さは何m/sか。,12m/s,12m/s|4m/s|16m/s|48m/s,48m÷4s＝12m/sです。,active,,,中3|物体の運動,
phy_motion_018,physics,運動とエネルギー,平均の速さ,2,choice,教材の自動車Aと自動車Bは、どちらも4秒間で48m移動した。2台の平均の速さはどうなるか。,どちらも12m/s,どちらも12m/s|Aだけ12m/s|Bだけ12m/s|どちらも48m/s,どちらも48m÷4s＝12m/sなので、平均の速さは同じです。,active,,,中3|物体の運動,
phy_motion_019,physics,運動とエネルギー,平均の速さ,2,choice,同じ距離を同じ時間で移動した2台の自動車は、途中の動き方が違っても平均の速さはどうなるか。,同じになる,同じになる|必ず違う|途中で速い方だけ大きくなる|求められない,平均の速さは全体の移動距離と全体の時間から求めます。,active,,,中3|物体の運動,
phy_motion_020,physics,運動とエネルギー,瞬間の速さ,1,choice,時間の経過に応じて、刻々と変化する速さを何というか。,瞬間の速さ,瞬間の速さ|平均の速さ|移動距離|等速直線運動,時間の経過に応じて刻々と変化する速さを瞬間の速さといいます。,active,,,中3|物体の運動,
phy_motion_021,physics,運動とエネルギー,瞬間の速さ,1,choice,自動車の速度計が示しているのは、平均の速さと瞬間の速さのどちらか。,瞬間の速さ,瞬間の速さ|平均の速さ|どちらでもない|必ず両方,教材では自動車の速度計などは瞬間の速さを示すと説明しています。,active,,,中3|物体の運動,
phy_motion_022,physics,運動とエネルギー,等速直線運動,1,choice,一直線上を一定の速さで進む運動を何というか。,等速直線運動,等速直線運動|平均の速さ|自由落下|円運動,一直線上を一定の速さで進む運動を等速直線運動といいます。,active,,,中3|物体の運動,
phy_motion_023,physics,運動とエネルギー,等速直線運動,1,choice,摩擦のない水平面上を進む物体に力がはたらいていないとき、物体はどのような運動をするか。,等速直線運動,等速直線運動|だんだん速くなる運動|だんだん遅くなる運動|すぐに止まる,教材では、このような物体は等速直線運動をすると説明しています。,active,,,中3|物体の運動,
phy_motion_024,physics,運動とエネルギー,等速直線運動,1,choice,等速直線運動では、移動距離は時間に対してどのような関係になるか。,比例する,比例する|反比例する|一定になる|関係しない,等速直線運動では、移動距離は時間に比例します。,active,,,中3|物体の運動,
phy_motion_025,physics,運動とエネルギー,等速直線運動,1,choice,等速直線運動をする物体の移動距離を求める式はどれか。,移動距離＝速さ×時間,移動距離＝速さ×時間|移動距離＝速さ÷時間|移動距離＝時間÷速さ|移動距離＝速さ＋時間,等速直線運動では、移動距離＝速さ×時間です。,active,,,中3|物体の運動,
phy_motion_026,physics,運動とエネルギー,等速直線運動,2,choice,速さ5m/sで4秒間、等速直線運動をした物体の移動距離は何mか。,20m,20m|9m|1.25m|25m,移動距離＝5m/s×4s＝20mです。,active,,,中3|物体の運動,
phy_motion_027,physics,運動とエネルギー,グラフ,1,choice,等速直線運動をする物体の「時間と位置」のグラフはどのようになるか。,直線,直線|曲線|必ず水平な線|不規則な線,等速直線運動では位置の変化が時間に比例するため、グラフは直線になります。,active,,,中3|物体の運動,
phy_motion_028,physics,運動とエネルギー,グラフ,2,choice,「時間と位置」のグラフでは、直線の傾きが急な物体ほど速さはどうなるか。,大きい,大きい|小さい|同じ|0になる,時間に対する位置の変化が大きいほど速さも大きくなります。,active,,,中3|物体の運動,
phy_motion_029,physics,運動とエネルギー,グラフ,1,choice,等速直線運動をする物体の「時間と速さ」のグラフはどのようになるか。,横軸に平行な直線,横軸に平行な直線|右上がりの直線|右下がりの直線|曲線,等速直線運動では速さが一定なので、時間と速さのグラフは横軸に平行になります。,active,,,中3|物体の運動,
phy_motion_030,physics,運動とエネルギー,グラフ,2,choice,「時間と速さ」のグラフが横軸に平行な直線になっている。この物体の速さはどうなっているか。,一定である,一定である|だんだん大きくなる|だんだん小さくなる|0とは限らず毎秒変化する,横軸に平行なら、時間がたっても速さは変わりません。,active,,,中3|物体の運動,
phy_motion_031,physics,運動とエネルギー,記録タイマー,2,choice,記録テープを同じ時間ごとに区切ったとき、区切ったテープがしだいに長くなった。この物体の速さはどうなっているか。,しだいに大きくなっている,しだいに大きくなっている|しだいに小さくなっている|一定である|止まっている,同じ時間で移動する距離がしだいに長くなるので、速さはしだいに大きくなっています。,active,,,中3|物体の運動,
phy_motion_032,physics,運動とエネルギー,グラフ,2,choice,等速直線運動の「時間と位置」のグラフと「時間と速さ」のグラフの組み合わせとして正しいものはどれか。,時間と位置は直線、時間と速さは横軸に平行な直線,時間と位置は直線、時間と速さは横軸に平行な直線|どちらも曲線|時間と位置は横軸に平行、時間と速さは右上がり|どちらも右上がりの曲線,等速直線運動では位置は時間に比例し、速さは一定です。,active,,,中3|物体の運動,
phy_motion_033,physics,運動とエネルギー,斜面を下る運動,1,choice,斜面上に台車を置いて手をはなすと、台車の速さはどうなるか。,だんだん速くなる,だんだん速くなる|一定の速さになる|だんだん遅くなる|すぐに止まる,斜面を下る台車は、だんだん速くなります。,active,,,中3|速さが変わる運動,
phy_motion_034,physics,運動とエネルギー,斜面を下る運動,1,choice,斜面を下る台車には、斜面方向にどちら向きの力がはたらくか。,斜面下向き,斜面下向き|斜面上向き|力ははたらかない|斜面に垂直な向きだけ,斜面を下る台車には、斜面下向きの力がはたらきます。,active,,,中3|速さが変わる運動,
phy_motion_035,physics,運動とエネルギー,斜面を下る運動,1,choice,斜面の傾きが同じなら、台車にはたらく斜面下向きの力の大きさは、斜面上の位置によってどうなるか。,変わらない,変わらない|下に行くほど大きくなる|下に行くほど小さくなる|途中で0になる,同じ傾きの斜面では、斜面下向きの力の大きさは位置によって変わりません。,active,,,中3|速さが変わる運動,
phy_motion_036,physics,運動とエネルギー,斜面を下る運動,1,choice,斜面の傾きが大きくなると、台車にはたらく斜面下向きの力はどうなるか。,大きくなる,大きくなる|小さくなる|変わらない|0になる,斜面の傾きが大きいほど、台車にはたらく斜面下向きの力は大きくなります。,active,,,中3|速さが変わる運動,
phy_motion_037,physics,運動とエネルギー,斜面を下る運動,2,choice,斜面の傾きと、台車にはたらく斜面下向きの力の関係として正しいものはどれか。,傾きが大きいほど力も大きい,傾きが大きいほど力も大きい|傾きが大きいほど力は小さい|傾きが変わっても力は同じ|傾きが大きいと力は0になる,斜面の傾きが大きくなるほど、斜面下向きの力も大きくなります。,active,,,中3|速さが変わる運動,
phy_motion_038,physics,運動とエネルギー,速さの変化,1,choice,物体に運動の向きと同じ向きに一定の力がはたらくと、速さはどうなるか。,一定の割合で増加する,一定の割合で増加する|一定の割合で減少する|一定のままになる|すぐに0になる,一定の力が運動と同じ向きにはたらくと、速さは一定の割合で増加します。,active,,,中3|速さが変わる運動,
phy_motion_039,physics,運動とエネルギー,速さの変化,2,choice,物体にはたらく力が大きいほど、速さが増加する割合はどうなるか。,大きくなる,大きくなる|小さくなる|変わらない|0になる,はたらく力が大きいほど、速さが増加する割合も大きくなります。,active,,,中3|速さが変わる運動,
phy_motion_040,physics,運動とエネルギー,斜面を下る運動,2,choice,斜面の傾きを大きくすると、台車の速さが増加する割合はどうなるか。,大きくなる,大きくなる|小さくなる|変わらない|速さは一定になる,傾きが大きいほど斜面下向きの力が大きくなるため、速さが増加する割合も大きくなります。,active,,,中3|速さが変わる運動,
phy_motion_041,physics,運動とエネルギー,記録タイマー,1,choice,斜面を下る台車の記録テープを0.1秒ごとに区切ると、区切った部分の長さはどうなるか。,しだいに長くなる,しだいに長くなる|しだいに短くなる|すべて同じになる|最初だけ長くなる,台車の速さが大きくなるので、0.1秒ごとの移動距離もしだいに大きくなります。,active,,,中3|速さが変わる運動,
phy_motion_042,physics,運動とエネルギー,記録タイマー,2,choice,記録テープの0.1秒間の移動距離が一定の割合で増加している。この物体の速さはどう変化しているか。,一定の割合で増加している,一定の割合で増加している|一定である|一定の割合で減少している|0になっている,一定時間ごとの移動距離が一定の割合で増えると、速さも一定の割合で増加しています。,active,,,中3|速さが変わる運動,
phy_motion_043,physics,運動とエネルギー,斜面を下る運動,2,choice,傾きの小さい斜面と傾きの大きい斜面では、どちらの方が台車の速さが増加する割合が大きいか。,傾きの大きい斜面,傾きの大きい斜面|傾きの小さい斜面|どちらも同じ|斜面の傾きとは関係ない,傾きが大きい斜面ほど斜面下向きの力が大きいため、速さが増加する割合も大きくなります。,active,,,中3|速さが変わる運動,
phy_motion_044,physics,運動とエネルギー,斜面を下る運動,2,choice,同じ傾きの斜面を下る台車について正しいものはどれか。,斜面下向きの力は一定で、速さは一定の割合で増加する,斜面下向きの力は一定で、速さは一定の割合で増加する|斜面下向きの力も速さも一定である|力は増加するが速さは一定である|力も速さも減少する,同じ傾きの斜面では斜面下向きの力の大きさは一定で、速さは一定の割合で増加します。,active,,,中3|速さが変わる運動,
phy_motion_045,physics,運動とエネルギー,自由落下,1,choice,静止していた物体が、重力によって落下する運動を何というか。,自由落下,自由落下|等速直線運動|円運動|振り子運動,静止していた物体が重力によって落下する運動を自由落下といいます。,active,,,中3|速さが変わる運動,
phy_motion_046,physics,運動とエネルギー,自由落下,1,choice,自由落下する物体にはたらく力は何か。,重力,重力|摩擦力|弾性力|磁力,自由落下する物体には重力がはたらきます。,active,,,中3|速さが変わる運動,
phy_motion_047,physics,運動とエネルギー,自由落下,1,choice,自由落下は、斜面の傾きが何度になった場合と同じと考えられるか。,90°,90°|60°|45°|0°,教材では、自由落下は斜面の傾きが90°になった場合と同じと考えています。,active,,,中3|速さが変わる運動,
phy_motion_048,physics,運動とエネルギー,自由落下,2,choice,自由落下する物体の運動方向にはたらく力の大きさは何の大きさと等しいか。,重力,重力|摩擦力|浮力|弾性力,自由落下では、運動方向にはたらく力の大きさは重力の大きさと等しくなります。,active,,,中3|速さが変わる運動,
phy_motion_049,physics,運動とエネルギー,自由落下,1,choice,自由落下する物体の速さは、落下するにつれてどうなるか。,だんだん速くなる,だんだん速くなる|一定になる|だんだん遅くなる|すぐに止まる,自由落下では重力が運動方向にはたらくため、速さはだんだん大きくなります。,active,,,中3|速さが変わる運動,
phy_motion_050,physics,運動とエネルギー,斜面を上る運動,1,choice,斜面を上っている台車には、斜面方向にどちら向きの力がはたらいているか。,斜面下向き,斜面下向き|斜面上向き|力ははたらかない|運動方向と直角,斜面を上る台車にも、斜面下向きの力がはたらいています。,active,,,中3|速さが変わる運動,
phy_motion_051,physics,運動とエネルギー,斜面を上る運動,1,choice,斜面を上る台車では、運動の向きと台車にはたらく斜面下向きの力はどのような向きか。,逆向き,逆向き|同じ向き|直角|向きは決まらない,台車は斜面上向きに運動していますが、力は斜面下向きにはたらくため、互いに逆向きです。,active,,,中3|速さが変わる運動,
phy_motion_052,physics,運動とエネルギー,斜面を上る運動,1,choice,斜面を上る台車の速さはどうなるか。,しだいに小さくなる,しだいに小さくなる|しだいに大きくなる|一定になる|最初から0になる,運動の向きと逆向きに力がはたらくため、速さはしだいに小さくなります。,active,,,中3|速さが変わる運動,
phy_motion_053,physics,運動とエネルギー,速さの変化,2,choice,物体の運動の向きと逆向きに一定の力がはたらくと、速さはどうなるか。,一定の割合で減少する,一定の割合で減少する|一定の割合で増加する|一定のままになる|すぐに0になる,運動と逆向きに一定の力がはたらくと、速さは一定の割合で減少します。,active,,,中3|速さが変わる運動,
phy_motion_054,physics,運動とエネルギー,斜面を上る運動,1,choice,斜面を上る台車は、速さがしだいに小さくなったあと、やがてどうなるか。,止まる,止まる|一定の速さになる|速くなり続ける|浮き上がる,斜面を上る台車は速さがしだいに小さくなり、やがて止まります。,active,,,中3|速さが変わる運動,
phy_motion_055,physics,運動とエネルギー,摩擦,1,choice,摩擦のある水平面を動く物体にはたらく摩擦力は、運動の向きに対してどちら向きか。,逆向き,逆向き|同じ向き|上向き|力ははたらかない,摩擦力は、物体の運動の向きと逆向きにはたらきます。,active,,,中3|速さが変わる運動,
phy_motion_056,physics,運動とエネルギー,摩擦,1,choice,摩擦のある水平面を動く物体の速さはどうなるか。,しだいに遅くなる,しだいに遅くなる|しだいに速くなる|一定になる|変化しない,運動の向きと逆向きに摩擦力がはたらくため、速さはしだいに小さくなります。,active,,,中3|速さが変わる運動,
phy_motion_057,physics,運動とエネルギー,摩擦,1,choice,摩擦のある水平面を動く物体は、やがてどうなるか。,止まる,止まる|速くなり続ける|一定の速さになる|浮き上がる,摩擦力によって速さがしだいに小さくなり、やがて物体は止まります。,active,,,中3|速さが変わる運動,
phy_motion_058,physics,運動とエネルギー,力と運動,2,choice,物体の運動の向きと同じ向きに力がはたらくと、速さはどうなるか。,大きくなる,大きくなる|小さくなる|変化しない|すぐに0になる,運動と同じ向きに力がはたらくと、物体の速さは大きくなります。,active,,,中3|速さが変わる運動,
phy_motion_059,physics,運動とエネルギー,力と運動,2,choice,物体の運動の向きと逆向きに力がはたらくと、速さはどうなるか。,小さくなる,小さくなる|大きくなる|変化しない|必ず一定になる,運動と逆向きに力がはたらくと、物体の速さは小さくなります。,active,,,中3|速さが変わる運動,
phy_motion_060,physics,運動とエネルギー,力と運動,2,choice,斜面を下る台車と斜面を上る台車について正しいものはどれか。,どちらにも斜面下向きの力がはたらく,どちらにも斜面下向きの力がはたらく|下る台車だけに斜面下向きの力がはたらく|上る台車だけに斜面下向きの力がはたらく|どちらにも力ははたらかない,運動の向きが違っても、どちらの台車にも斜面下向きの力がはたらきます。,active,,,中3|速さが変わる運動,
phy_motion_061,physics,運動とエネルギー,力と運動,2,choice,運動の向きと力の向きの関係について正しいものはどれか。,同じ向きなら速さは大きくなり、逆向きなら速さは小さくなる,同じ向きなら速さは大きくなり、逆向きなら速さは小さくなる|同じ向きなら速さは小さくなり、逆向きなら大きくなる|向きに関係なく速さは一定になる|力がはたらくと必ず物体は止まる,力が運動と同じ向きなら速さは大きくなり、逆向きなら速さは小さくなります。,active,,,中3|速さが変わる運動,
phy_motion_062,physics,運動とエネルギー,合力,1,choice,複数の力と同じはたらきをする1つの力を何というか。,合力,合力|分力|浮力|重力,複数の力と同じはたらきをする1つの力を合力といいます。,active,,,中3|力のはたらき方,
phy_motion_063,physics,運動とエネルギー,力の合成,1,choice,合力を求めることを何というか。,力の合成,力の合成|力の分解|力のつり合い|作用・反作用,合力を求めることを力の合成といいます。,active,,,中3|力のはたらき方,
phy_motion_064,physics,運動とエネルギー,合力,1,choice,一直線上で同じ向きにはたらく2力の合力の大きさは、どのように求めるか。,2力の和,2力の和|2力の差|2力の積|2力の平均,同じ向きにはたらく2力の合力は、2力の大きさの和になります。,active,,,中3|力のはたらき方,
phy_motion_065,physics,運動とエネルギー,合力,2,choice,同じ向きにはたらく2力の大きさが3Nと5Nのとき、合力は何Nか。,8N,8N|5N|3N|2N,3N＋5N＝8Nです。,active,,,中3|力のはたらき方,
phy_motion_066,physics,運動とエネルギー,合力,1,choice,一直線上で逆向きにはたらく2力の合力の大きさは、どのように求めるか。,2力の差,2力の差|2力の和|2力の積|2力の平均,逆向きにはたらく2力の合力は、2力の大きさの差になります。,active,,,中3|力のはたらき方,
phy_motion_067,physics,運動とエネルギー,合力,2,choice,右向き5N、左向き3Nの力が一直線上ではたらいている。合力はどれか。,右向き2N,右向き2N|左向き2N|右向き8N|左向き8N,逆向きなので大きさは5－3＝2N、向きは大きい力と同じ右向きです。,active,,,中3|力のはたらき方,
phy_motion_068,physics,運動とエネルギー,合力,1,choice,一直線上で逆向きにはたらく2力の大きさが等しいとき、合力は何Nか。,0N,0N|1N|2N|2力の和,大きさが等しく逆向きなら、2力は打ち消し合い、合力は0Nです。,active,,,中3|力のはたらき方,
phy_motion_069,physics,運動とエネルギー,合力,1,choice,一直線上にない2力の合力を作図するとき、2力を2辺とする何をつくるか。,平行四辺形,平行四辺形|正三角形|長方形だけ|円,一直線上にない2力では、2力を2辺とする平行四辺形をつくります。,active,,,中3|力のはたらき方,
phy_motion_070,physics,運動とエネルギー,合力,1,choice,2力を2辺とする平行四辺形をつくったとき、合力の大きさと向きを表すものはどれか。,対角線,対角線|2辺の和|短い方の辺|平行四辺形の周,平行四辺形の対角線が合力の大きさと向きを表します。,active,,,中3|力のはたらき方,
phy_motion_071,physics,運動とエネルギー,分力,1,choice,1つの力と同じはたらきをする複数の力を何というか。,分力,分力|合力|浮力|重力,1つの力と同じはたらきをする複数の力を分力といいます。,active,,,中3|力のはたらき方,
phy_motion_072,physics,運動とエネルギー,力の分解,1,choice,分力を求めることを何というか。,力の分解,力の分解|力の合成|力のつり合い|力の作用,分力を求めることを力の分解といいます。,active,,,中3|力のはたらき方,
phy_motion_073,physics,運動とエネルギー,力の合成と分解,2,choice,「複数の力から1つの合力を求める」「1つの力から複数の分力を求める」に順に対応するものはどれか。,力の合成・力の分解,力の合成・力の分解|力の分解・力の合成|作用・反作用|慣性・浮力,合力を求めるのが力の合成、分力を求めるのが力の分解です。,active,,,中3|力のはたらき方,
phy_motion_074,physics,運動とエネルギー,重力の分解,1,choice,斜面上の物体にはたらく重力は、斜面下向きの分力と、どの向きの分力に分解できるか。,斜面に垂直な向き,斜面に垂直な向き|斜面上向き|水平方向|鉛直上向き,重力は、斜面下向きの分力と斜面に垂直な分力に分解できます。,active,,,中3|力のはたらき方,
phy_motion_075,physics,運動とエネルギー,重力の分解,1,choice,斜面の傾きを大きくすると、重力の斜面下向きの分力はどうなるか。,大きくなる,大きくなる|小さくなる|変わらない|0になる,斜面の傾きが大きくなると、斜面下向きの分力は大きくなります。,active,,,中3|力のはたらき方,
phy_motion_076,physics,運動とエネルギー,重力の分解,1,choice,斜面の傾きを大きくすると、重力の斜面に垂直な分力はどうなるか。,小さくなる,小さくなる|大きくなる|変わらない|重力より大きくなる,斜面の傾きが大きくなると、斜面に垂直な分力は小さくなります。,active,,,中3|力のはたらき方,
phy_motion_077,physics,運動とエネルギー,重力の分解,2,choice,斜面の傾きを大きくしたときの2つの分力の変化として正しいものはどれか。,斜面下向きの分力は大きくなり、斜面に垂直な分力は小さくなる,斜面下向きの分力は大きくなり、斜面に垂直な分力は小さくなる|両方とも大きくなる|両方とも小さくなる|斜面下向きは小さくなり、垂直な分力は大きくなる,斜面の傾きが大きいほど、斜面下向きの分力は大きくなり、垂直な分力は小さくなります。,active,,,中3|力のはたらき方,
phy_motion_078,physics,運動とエネルギー,慣性の法則,1,choice,物体に力がはたらいていないときや、力がはたらいていても合力が0のとき、静止している物体はどうなるか。,静止し続ける,静止し続ける|動き始める|速くなり続ける|必ず落下する,合力が0なら、静止している物体は静止し続けます。,active,,,中3|力のはたらき方,
phy_motion_079,physics,運動とエネルギー,慣性の法則,1,choice,物体に力がはたらいていないときや、力がはたらいていても合力が0のとき、運動している物体はどうなるか。,等速直線運動を続ける,等速直線運動を続ける|だんだん速くなる|だんだん遅くなる|すぐに止まる,合力が0なら、運動している物体は等速直線運動を続けます。,active,,,中3|力のはたらき方,
phy_motion_080,physics,運動とエネルギー,慣性,1,choice,物体がもとの運動状態を保とうとする性質を何というか。,慣性,慣性|浮力|水圧|作用,物体がもとの運動状態を保とうとする性質を慣性といいます。,active,,,中3|力のはたらき方,
phy_motion_081,physics,運動とエネルギー,慣性,2,choice,走っている電車が急に止まったとき、乗っている人の体が進行方向へ動こうとすることと関係が深いものはどれか。,慣性,慣性|浮力|水圧|作用・反作用,人の体がそれまでの運動状態を保とうとするために起こります。,active,,,中3|力のはたらき方,
phy_motion_082,physics,運動とエネルギー,作用・反作用,1,choice,1つの物体がもう1つの物体に力を加えると、同時に相手の物体からどのような力を受けるか。,大きさが同じで逆向きの力,大きさが同じで逆向きの力|大きさが同じで同じ向きの力|半分の大きさの力|力は受けない,作用と反作用の2力は、大きさが同じで向きが逆です。,active,,,中3|力のはたらき方,
phy_motion_083,physics,運動とエネルギー,作用・反作用,1,choice,一方の物体がもう一方の物体に力を加えると、同時に大きさが同じで逆向きの力を受ける。この関係を何というか。,作用・反作用の法則,作用・反作用の法則|慣性の法則|力の合成|力の分解,これを作用・反作用の法則といいます。,active,,,中3|力のはたらき方,
phy_motion_084,physics,運動とエネルギー,作用・反作用,1,choice,作用・反作用の2力は、同じ物体にはたらくか、別々の物体にはたらくか。,別々の物体,別々の物体|同じ物体|どちらにもはたらかない|場合によって同じ物体,作用と反作用は、それぞれ別の物体にはたらきます。,active,,,中3|力のはたらき方,
phy_motion_085,physics,運動とエネルギー,作用・反作用,2,choice,AさんがBさんを押したところ、Aさんも後ろに動いた。Aさんを後ろ向きに押した力はどれか。,BさんがAさんを押す力,BさんがAさんを押す力|AさんがBさんを押す力|Aさんにはたらく重力|Aさんには力ははたらかない,AさんがBさんを押すと、BさんもAさんを同じ大きさで逆向きに押します。,active,,,中3|力のはたらき方,
phy_motion_086,physics,運動とエネルギー,作用・反作用,2,choice,机の上に箱がある。「机が箱を押す力」と作用・反作用の関係にある力はどれか。,箱が机を押す力,箱が机を押す力|箱にはたらく重力|机にはたらく重力|箱にはたらく浮力,机が箱を押す力と、箱が机を押す力が作用・反作用の関係です。,active,,,中3|力のはたらき方,
phy_motion_087,physics,運動とエネルギー,作用・反作用,2,choice,作用・反作用の2力について正しいものはどれか。,大きさが同じで逆向き、別々の物体にはたらく,大きさが同じで逆向き、別々の物体にはたらく|大きさが同じで同じ向き、同じ物体にはたらく|大きさが異なり同じ向き|一方だけがはたらく,作用・反作用の2力は大きさが同じで逆向きであり、別々の物体にはたらきます。,active,,,中3|力のはたらき方,
phy_motion_088,physics,運動とエネルギー,浮力,1,choice,水中にある物体にはたらく上向きの力を何というか。,浮力,浮力|重力|摩擦力|弾性力,水中の物体には上向きに浮力がはたらきます。,active,,,中3|力のはたらき方,
phy_motion_089,physics,運動とエネルギー,浮力,1,choice,浮力の大きさを求める式として正しいものはどれか。,重力の大きさ－水中で物体を支える力の大きさ,重力の大きさ－水中で物体を支える力の大きさ|重力の大きさ＋水中で物体を支える力の大きさ|水中で物体を支える力－重力|重力×水中で物体を支える力,浮力＝重力の大きさ－水中で物体を支える力の大きさです。,active,,,中3|力のはたらき方,
phy_motion_090,physics,運動とエネルギー,浮力,2,choice,空気中でばねばかりが1.5N、水中で0.7Nを示した。浮力は何Nか。,0.8N,0.8N|2.2N|1.5N|0.7N,1.5－0.7＝0.8Nです。,active,,,中3|力のはたらき方,
phy_motion_091,physics,運動とエネルギー,浮力,2,choice,空気中でばねばかりが1.5N、水中で0.1Nを示した。浮力は何Nか。,1.4N,1.4N|1.6N|1.5N|0.1N,1.5－0.1＝1.4Nです。,active,,,中3|力のはたらき方,
phy_motion_092,physics,運動とエネルギー,浮力,2,choice,体積80cm³の物体Aと体積140cm³の物体Bは、ともに空気中で1.5Nを示した。水中での浮力が大きいのはどちらか。,物体B,物体B|物体A|同じ|判断できない,画像の実験では、Aの浮力は0.8N、Bの浮力は1.4Nです。,active,,,中3|力のはたらき方,
phy_motion_093,physics,運動とエネルギー,浮力,2,choice,水中にある物体の体積が大きくなると、浮力はどうなるか。,大きくなる,大きくなる|小さくなる|変わらない|必ず0になる,実験では、物体の体積が大きいほど浮力が大きくなっています。,active,,,中3|力のはたらき方,
phy_motion_094,physics,運動とエネルギー,浮力,2,choice,体積が同じ140cm³で、重さの異なる物体BとCを水中に完全にしずめた。浮力はどうなるか。,同じになる,同じになる|重い物体Cの方が大きい|軽い物体Bの方が大きい|必ず0になる,実験ではBもCも浮力は1.4Nで、物体の質量には関係していません。,active,,,中3|力のはたらき方,
phy_motion_095,physics,運動とエネルギー,浮力,2,choice,物体の体積が同じなら、物体の質量が変わると浮力はどうなるか。,変わらない,変わらない|質量が大きいほど大きくなる|質量が大きいほど小さくなる|必ず重力と同じになる,画像の実験では、体積が同じBとCには同じ1.4Nの浮力がはたらいています。,active,,,中3|力のはたらき方,
phy_motion_096,physics,運動とエネルギー,浮力,2,choice,同じ物体Cを水中の浅い位置と深い位置に完全にしずめた。浮力はどうなるか。,変わらない,変わらない|深いほど大きくなる|浅いほど大きくなる|深いと0になる,画像の実験では、浅い位置でも深い位置でも浮力は1.4Nです。,active,,,中3|力のはたらき方,
phy_motion_097,physics,運動とエネルギー,浮力,2,choice,物体が水中に完全にしずんでいるとき、水中の深さを変えると浮力はどうなるか。,変わらない,変わらない|深いほど大きくなる|深いほど小さくなる|0になる,教材の実験では、水中の深さは浮力に関係しないことを確認しています。,active,,,中3|力のはたらき方,
phy_motion_098,physics,運動とエネルギー,浮力,2,choice,教材の実験からわかる浮力について正しいものはどれか。,物体の体積が大きいほど大きく、物体の質量や水中の深さには関係しない,物体の体積が大きいほど大きく、物体の質量や水中の深さには関係しない|物体の質量だけで決まる|水中の深さだけで決まる|体積が大きいほど小さくなる,この実験では、浮力は物体の体積に関係し、質量や水中の深さには関係しないことを確認しています。,active,,,中3|力のはたらき方,
phy_motion_099,physics,運動とエネルギー,水圧,1,choice,水中の物体が水から受ける圧力を何というか。,水圧,水圧|浮力|重力|大気圧,水中の物体が水から受ける圧力を水圧といいます。,active,,,中3|力のはたらき方,
phy_motion_100,physics,運動とエネルギー,水圧,1,choice,水圧は、水面から深くなるほどどうなるか。,大きくなる,大きくなる|小さくなる|変わらない|0になる,水圧は水面から深くなるほど大きくなります。,active,,,中3|力のはたらき方,
phy_motion_101,physics,運動とエネルギー,水圧,1,choice,水圧は物体にどの方向からはたらくか。,あらゆる方向,あらゆる方向|上からだけ|下からだけ|横からだけ,水圧は水中の物体にあらゆる方向からはたらきます。,active,,,中3|力のはたらき方,
phy_motion_102,physics,運動とエネルギー,水圧,1,choice,水中の物体の上面には、水圧によって主にどちら向きの力がはたらくか。,下向き,下向き|上向き|右向き|力ははたらかない,物体の上面には、水圧による下向きの力がはたらきます。,active,,,中3|力のはたらき方,
phy_motion_103,physics,運動とエネルギー,水圧,1,choice,水中の物体の下面には、水圧によって主にどちら向きの力がはたらくか。,上向き,上向き|下向き|左向き|力ははたらかない,物体の下面には、水圧による上向きの力がはたらきます。,active,,,中3|力のはたらき方,
phy_motion_104,physics,運動とエネルギー,水圧と浮力,2,choice,水中の物体では、上面と下面のどちらに大きな水圧がはたらくか。,下面,下面|上面|同じ|水圧ははたらかない,下面の方が水面から深いため、水圧が大きくなります。,active,,,中3|力のはたらき方,
phy_motion_105,physics,運動とエネルギー,水圧と浮力,2,choice,水中の物体に上向きの浮力が生じる理由として正しいものはどれか。,下面にはたらく上向きの力が、上面にはたらく下向きの力より大きいから,下面にはたらく上向きの力が、上面にはたらく下向きの力より大きいから|上面の水圧の方が大きいから|水圧が上向きにしかはたらかないから|重力がなくなるから,下面は上面より深いため水圧が大きく、その差によって上向きの浮力が生じます。,active,,,中3|力のはたらき方,
phy_motion_106,physics,運動とエネルギー,水圧,1,choice,同じ深さの水中では、水圧の大きさはどうなるか。,同じ,同じ|場所によって必ず異なる|上向きだけ大きい|横向きだけ大きい,教材では、同じ深さでは水圧は同じと示されています。,active,,,中3|力のはたらき方,
phy_motion_107,physics,運動とエネルギー,エネルギー,1,choice,物体を動かしたり、変形させたり、熱を出したりするなど、さまざまなはたらきをすることができる能力を何というか。,エネルギー,エネルギー|力|速さ|質量,さまざまなはたらきをすることができる能力をエネルギーといいます。,active,,,中3|エネルギー,
phy_motion_108,physics,運動とエネルギー,光エネルギー,1,choice,光電池（太陽電池）で、電気を発生させることができるエネルギーは何か。,光エネルギー,光エネルギー|熱エネルギー|音エネルギー|化学エネルギー,光エネルギーは、光電池で電気を発生させることができます。,active,,,中3|エネルギー,
phy_motion_109,physics,運動とエネルギー,熱エネルギー,1,choice,水を加熱して沸騰させた蒸気によって、機関車を動かすことができるエネルギーは何か。,熱エネルギー,熱エネルギー|光エネルギー|電気エネルギー|音エネルギー,熱エネルギーによって水を加熱し、その蒸気で機関車を動かすことができます。,active,,,中3|エネルギー,
phy_motion_110,physics,運動とエネルギー,電気エネルギー,1,choice,電流によってモーターを回転させることができるエネルギーは何か。,電気エネルギー,電気エネルギー|熱エネルギー|化学エネルギー|音エネルギー,電気エネルギーによってモーターを回転させることができます。,active,,,中3|エネルギー,
phy_motion_111,physics,運動とエネルギー,音エネルギー,1,choice,スピーカーから出た空気の振動が近くの物体を振動させるときのエネルギーは何か。,音エネルギー,音エネルギー|光エネルギー|熱エネルギー|核エネルギー,音エネルギーによって、近くの物体を振動させることができます。,active,,,中3|エネルギー,
phy_motion_112,physics,運動とエネルギー,化学エネルギー,1,choice,ガスや石油などが燃えるとき、化学変化によって熱が発生するもとになるエネルギーは何か。,化学エネルギー,化学エネルギー|電気エネルギー|核エネルギー|音エネルギー,ガスや石油などは化学エネルギーをもっています。,active,,,中3|エネルギー,
phy_motion_113,physics,運動とエネルギー,核エネルギー,1,choice,原子核の変化によって発生するエネルギーを何というか。,核エネルギー,核エネルギー|化学エネルギー|熱エネルギー|弾性エネルギー,原子核の変化によって発生するエネルギーを核エネルギーといいます。,active,,,中3|エネルギー,
phy_motion_114,physics,運動とエネルギー,弾性エネルギー,1,choice,変形したゴムやばねがもとの形にもどろうとして、ほかの物体を動かすことができるエネルギーを何というか。,弾性エネルギー,弾性エネルギー|化学エネルギー|核エネルギー|音エネルギー,変形したゴムやばねなどがもつエネルギーを弾性エネルギーといいます。,active,,,中3|エネルギー,
phy_motion_115,physics,運動とエネルギー,弾性エネルギー,2,choice,ばねがもつ弾性エネルギーの大きさは、何によって決まるか。,ばねのもとの長さからの位置のずれ,ばねのもとの長さからの位置のずれ|ばねの色|ばねを置く高さ|ばねの温度,教材では、弾性エネルギーの大きさは、ばねのもとの長さからの位置のずれによって決まるとしています。,active,,,中3|エネルギー,
phy_motion_116,physics,運動とエネルギー,運動エネルギー,1,choice,運動している物体がもつエネルギーを何というか。,運動エネルギー,運動エネルギー|位置エネルギー|弾性エネルギー|熱エネルギー,運動している物体がもつエネルギーを運動エネルギーといいます。,active,,,中3|エネルギー,
phy_motion_117,physics,運動とエネルギー,運動エネルギー,1,choice,物体の質量が大きいほど、運動エネルギーはどうなるか。,大きくなる,大きくなる|小さくなる|変わらない|0になる,物体の質量が大きいほど、運動エネルギーは大きくなります。,active,,,中3|エネルギー,
phy_motion_118,physics,運動とエネルギー,運動エネルギー,1,choice,物体の速さが大きいほど、運動エネルギーはどうなるか。,大きくなる,大きくなる|小さくなる|変わらない|0になる,物体の速さが大きいほど、運動エネルギーは大きくなります。,active,,,中3|エネルギー,
phy_motion_119,physics,運動とエネルギー,運動エネルギー,2,choice,同じ速さで運動している2つの物体では、どちらの運動エネルギーが大きいか。,質量が大きい物体,質量が大きい物体|質量が小さい物体|同じ|質量とは関係しない,同じ速さなら、質量が大きいほど運動エネルギーは大きくなります。,active,,,中3|エネルギー,
phy_motion_120,physics,運動とエネルギー,運動エネルギー,2,choice,同じ質量の2つの物体では、どちらの運動エネルギーが大きいか。,速さが大きい物体,速さが大きい物体|速さが小さい物体|同じ|速さとは関係しない,同じ質量なら、速さが大きいほど運動エネルギーは大きくなります。,active,,,中3|エネルギー,
phy_motion_121,physics,運動とエネルギー,運動エネルギー,2,choice,おもりをキャップに当てる実験で、おもりの質量が大きいほど多くのキャップが動いた。このことから何がわかるか。,質量が大きいほど運動エネルギーが大きい,質量が大きいほど運動エネルギーが大きい|質量が大きいほど運動エネルギーが小さい|質量は運動エネルギーに関係しない|運動エネルギーは高さだけで決まる,質量が大きいほど、運動エネルギーは大きくなります。,active,,,中3|エネルギー,
phy_motion_122,physics,運動とエネルギー,運動エネルギー,2,choice,おもりをキャップに当てる実験で、おもりの速さが大きいほど多くのキャップが動いた。このことから何がわかるか。,速さが大きいほど運動エネルギーが大きい,速さが大きいほど運動エネルギーが大きい|速さが大きいほど運動エネルギーが小さい|速さは運動エネルギーに関係しない|運動エネルギーは質量だけで決まる,速さが大きいほど、運動エネルギーは大きくなります。,active,,,中3|エネルギー,
phy_motion_123,physics,運動とエネルギー,位置エネルギー,1,choice,高い位置にある物体がもつエネルギーを何というか。,位置エネルギー,位置エネルギー|運動エネルギー|弾性エネルギー|熱エネルギー,高い位置にある物体がもつエネルギーを位置エネルギーといいます。,active,,,中3|エネルギー,
phy_motion_124,physics,運動とエネルギー,位置エネルギー,1,choice,物体の位置が高いほど、位置エネルギーはどうなるか。,大きくなる,大きくなる|小さくなる|変わらない|0になる,物体の位置が高いほど、位置エネルギーは大きくなります。,active,,,中3|エネルギー,
phy_motion_125,physics,運動とエネルギー,位置エネルギー,1,choice,物体の質量が大きいほど、位置エネルギーはどうなるか。,大きくなる,大きくなる|小さくなる|変わらない|0になる,物体の質量が大きいほど、位置エネルギーは大きくなります。,active,,,中3|エネルギー,
phy_motion_126,physics,運動とエネルギー,位置エネルギー,2,choice,同じ高さから質量100gと200gの小球を落下させた。落下した場所がより変形するのはどちらか。,200gの小球,200gの小球|100gの小球|どちらも同じ|判断できない,同じ高さなら、質量が大きい物体ほど位置エネルギーが大きくなります。,active,,,中3|エネルギー,
phy_motion_127,physics,運動とエネルギー,位置エネルギー,2,choice,同じ質量の小球を異なる高さから落下させた。落下した場所がより変形するのはどちらか。,高い位置から落とした小球,高い位置から落とした小球|低い位置から落とした小球|どちらも同じ|判断できない,同じ質量なら、高い位置にある物体ほど位置エネルギーが大きくなります。,active,,,中3|エネルギー,
phy_motion_128,physics,運動とエネルギー,位置エネルギー,2,choice,位置エネルギーの大きさに関係するものの組み合わせはどれか。,物体の質量と高さ,物体の質量と高さ|物体の速さと時間|物体の速さと高さだけ|物体の形と色,位置エネルギーは、物体の質量と位置の高さに関係します。,active,,,中3|エネルギー,
phy_motion_129,physics,運動とエネルギー,力学的エネルギー,1,choice,運動エネルギーと位置エネルギーの和を何というか。,力学的エネルギー,力学的エネルギー|化学エネルギー|熱エネルギー|弾性エネルギー,運動エネルギーと位置エネルギーの和を力学的エネルギーといいます。,active,,,中3|エネルギー,
phy_motion_130,physics,運動とエネルギー,力学的エネルギーの保存,1,choice,摩擦や空気の抵抗などの外部からのはたらきがなければ、物体の力学的エネルギーはどうなるか。,一定に保たれる,一定に保たれる|増え続ける|減り続ける|0になる,摩擦や空気の抵抗などの外部からのはたらきがなければ、力学的エネルギーは一定に保たれます。,active,,,中3|エネルギー,
phy_motion_131,physics,運動とエネルギー,力学的エネルギーの保存,1,choice,摩擦や空気の抵抗などの外部からのはたらきがないとき、力学的エネルギーが一定に保たれることを何というか。,力学的エネルギーの保存,力学的エネルギーの保存|力の合成|慣性の法則|作用・反作用の法則,これを力学的エネルギーの保存といいます。,active,,,中3|エネルギー,
phy_motion_132,physics,運動とエネルギー,ジェットコースター,1,choice,ジェットコースターが最高点にあるとき、位置エネルギーはどうなるか。,最大,最大|最小|0|一定,最高点では位置エネルギーが最大になります。,active,,,中3|エネルギー,
phy_motion_133,physics,運動とエネルギー,ジェットコースター,1,choice,ジェットコースターが斜面を下るにつれて、速さはどうなるか。,速くなっていく,速くなっていく|遅くなっていく|変わらない|0になる,ジェットコースターは斜面を下るにつれて速くなっていきます。,active,,,中3|エネルギー,
phy_motion_134,physics,運動とエネルギー,ジェットコースター,1,choice,ジェットコースターが斜面を下るとき、位置エネルギーはどうなるか。,小さくなる,小さくなる|大きくなる|変わらない|0のままになる,高さが低くなるため、位置エネルギーは小さくなります。,active,,,中3|エネルギー,
phy_motion_135,physics,運動とエネルギー,ジェットコースター,1,choice,ジェットコースターが斜面を下って速くなるとき、運動エネルギーはどうなるか。,大きくなる,大きくなる|小さくなる|変わらない|0になる,速さが大きくなるため、運動エネルギーは大きくなります。,active,,,中3|エネルギー,
phy_motion_136,physics,運動とエネルギー,ジェットコースター,2,choice,摩擦や空気の抵抗を考えないとき、ジェットコースターが斜面を下る間のエネルギーの変化として正しいものはどれか。,位置エネルギーが運動エネルギーに変わる,位置エネルギーが運動エネルギーに変わる|運動エネルギーが位置エネルギーに変わる|力学的エネルギーがなくなる|位置エネルギーだけが増える,斜面を下ると、位置エネルギーが運動エネルギーに変わります。,active,,,中3|エネルギー,
phy_motion_137,physics,運動とエネルギー,ジェットコースター,1,choice,ジェットコースターが最下点にあるとき、位置エネルギーはどうなるか。,最小,最小|最大|変わらない|最高点と同じ,最下点では高さが最も低いため、位置エネルギーは最小になります。,active,,,中3|エネルギー,
phy_motion_138,physics,運動とエネルギー,ジェットコースター,1,choice,ジェットコースターが最下点にあるとき、運動エネルギーはどうなるか。,最大,最大|最小|0|変わらない,最下点では速さが最大となり、運動エネルギーも最大になります。,active,,,中3|エネルギー,
phy_motion_139,physics,運動とエネルギー,ジェットコースター,2,choice,摩擦や空気の抵抗を考えないとき、ジェットコースターが斜面を上る間のエネルギーの変化として正しいものはどれか。,運動エネルギーが位置エネルギーに変わる,運動エネルギーが位置エネルギーに変わる|位置エネルギーが運動エネルギーに変わる|力学的エネルギーが増え続ける|位置エネルギーがなくなる,斜面を上ると、運動エネルギーが位置エネルギーに変わります。,active,,,中3|エネルギー,
phy_motion_140,physics,運動とエネルギー,ジェットコースター,2,choice,摩擦や空気の抵抗がなければ、ジェットコースターが最高点から最下点まで下った後、再びどこまで上るはずか。,最初の最高点と同じ高さ,最初の最高点と同じ高さ|最下点まで|最初の最高点より必ず高い位置|高さは0になる,力学的エネルギーが保存されるため、最初の最高点と同じ高さまで上るはずです。,active,,,中3|エネルギー,
phy_motion_141,physics,運動とエネルギー,ジェットコースター,2,choice,実際のジェットコースターが最初の最高点と同じ高さまで上がらないのはなぜか。,摩擦や空気の抵抗があるから,摩擦や空気の抵抗があるから|重力が途中でなくなるから|質量が減るから|位置エネルギーが保存されるから,実際には摩擦や空気の抵抗があるため、力学的エネルギーは保存されません。,active,,,中3|エネルギー,
phy_motion_142,physics,運動とエネルギー,ジェットコースター,2,choice,摩擦や空気の抵抗を考えないジェットコースターでは、運動エネルギーと位置エネルギーが変化しても、何が一定に保たれるか。,力学的エネルギー,力学的エネルギー|運動エネルギー|位置エネルギー|速さ,運動エネルギーと位置エネルギーの和である力学的エネルギーは一定に保たれます。,active,,,中3|エネルギー,
phy_motion_143,physics,運動とエネルギー,振り子,1,choice,振り子のおもりが最も高い位置にあるとき、位置エネルギーはどうなるか。,最大,最大|最小|0|変わらない,最も高い位置では、位置エネルギーが最大になります。,active,,,中3|エネルギー,
phy_motion_144,physics,運動とエネルギー,振り子,1,choice,振り子のおもりが最も高い位置にあるとき、速さはどうなるか。,0,0|最大|一定|最下点と同じ,振り子のおもりは最も高い位置でいったん止まるため、速さは0になります。,active,,,中3|エネルギー,
phy_motion_145,physics,運動とエネルギー,振り子,1,choice,振り子のおもりが最も低い位置にあるとき、位置エネルギーはどうなるか。,最小,最小|最大|変わらない|最も高い位置と同じ,最も低い位置では、位置エネルギーが最小になります。,active,,,中3|エネルギー,
phy_motion_146,physics,運動とエネルギー,振り子,1,choice,振り子のおもりが最も低い位置にあるとき、速さはどうなるか。,最大,最大|0|最小|変わらない,最も低い位置では、振り子のおもりの速さが最大になります。,active,,,中3|エネルギー,
phy_motion_147,physics,運動とエネルギー,振り子,1,choice,振り子のおもりが最も低い位置にあるとき、運動エネルギーはどうなるか。,最大,最大|最小|0|変わらない,最も低い位置では速さが最大なので、運動エネルギーも最大になります。,active,,,中3|エネルギー,
phy_motion_148,physics,運動とエネルギー,振り子,2,choice,振り子のおもりが高い位置から最も低い位置へ動くとき、エネルギーは主にどのように変化するか。,位置エネルギーが運動エネルギーに変わる,位置エネルギーが運動エネルギーに変わる|運動エネルギーが位置エネルギーに変わる|力学的エネルギーがなくなる|位置エネルギーだけが増える,おもりが下がると、位置エネルギーが運動エネルギーに変わります。,active,,,中3|エネルギー,
phy_motion_149,physics,運動とエネルギー,振り子,2,choice,振り子のおもりが最も低い位置から高い位置へ動くとき、エネルギーは主にどのように変化するか。,運動エネルギーが位置エネルギーに変わる,運動エネルギーが位置エネルギーに変わる|位置エネルギーが運動エネルギーに変わる|力学的エネルギーがなくなる|運動エネルギーだけが増える,おもりが上がると、運動エネルギーが位置エネルギーに変わります。,active,,,中3|エネルギー,
phy_motion_150,physics,運動とエネルギー,振り子,2,choice,摩擦や空気の抵抗を考えない振り子では、運動中に何が一定に保たれるか。,力学的エネルギー,力学的エネルギー|運動エネルギー|位置エネルギー|速さ,位置エネルギーと運動エネルギーは互いに移り変わりますが、その和である力学的エネルギーは一定です。,active,,,中3|エネルギー,
phy_motion_151,physics,運動とエネルギー,力学的エネルギー,2,choice,位置エネルギーが小さくなった分だけ運動エネルギーが大きくなり、両者の和が一定に保たれることを何というか。,力学的エネルギーの保存,力学的エネルギーの保存|慣性の法則|作用・反作用の法則|力の分解,摩擦や空気の抵抗などがなければ、力学的エネルギーは一定に保たれます。,active,,,中3|エネルギー,
phy_motion_152,physics,運動とエネルギー,力学的エネルギー,2,choice,力学的エネルギーについて正しい式はどれか。,力学的エネルギー＝運動エネルギー＋位置エネルギー,力学的エネルギー＝運動エネルギー＋位置エネルギー|力学的エネルギー＝運動エネルギー－位置エネルギー|力学的エネルギー＝運動エネルギー×位置エネルギー|力学的エネルギー＝位置エネルギーだけ,力学的エネルギーは、運動エネルギーと位置エネルギーの和です。,active,,,中3|エネルギー,
phy_motion_153,physics,運動とエネルギー,仕事,1,choice,物体に力を加え、その力の向きに物体を動かしたとき、力は物体に対して何をしたというか。,仕事,仕事|運動|慣性|作用,物体に力を加え、その力の向きに物体を動かしたとき、力は物体に対して仕事をしたといいます。,active,,,中3|仕事と力学的エネルギー,
phy_motion_154,physics,運動とエネルギー,仕事,1,choice,仕事の大きさを求める式として正しいものはどれか。,物体に加えた力の大きさ×力の向きに物体が移動した距離,物体に加えた力の大きさ×力の向きに物体が移動した距離|物体に加えた力の大きさ÷移動した距離|移動した距離÷物体に加えた力の大きさ|物体に加えた力の大きさ＋移動した距離,仕事の大きさは、物体に加えた力の大きさと、力の向きに物体が移動した距離の積で求めます。,active,,,中3|仕事と力学的エネルギー,
phy_motion_155,physics,運動とエネルギー,仕事,1,choice,仕事の単位は何か。,ジュール（J）,ジュール（J）|ニュートン（N）|ワット（W）|メートル（m）,仕事の単位はジュール、記号はJです。,active,,,中3|仕事と力学的エネルギー,
phy_motion_156,physics,運動とエネルギー,仕事,2,choice,10Nの力で、力の向きに物体を1m動かした。仕事は何Jか。,10J,10J|1J|5J|100J,仕事＝10N×1m＝10Jです。,active,,,中3|仕事と力学的エネルギー,
phy_motion_157,physics,運動とエネルギー,仕事,1,choice,物体に力を加えていても、物体が移動しなかった。このとき仕事の大きさは何Jか。,0J,0J|1J|力の大きさと同じ|求められない,物体が移動していない場合、仕事の大きさは0Jです。,active,,,中3|仕事と力学的エネルギー,
phy_motion_158,physics,運動とエネルギー,仕事,1,choice,物体に加えた力の向きと、物体が移動した向きが垂直だった。このとき仕事の大きさは何Jか。,0J,0J|1J|力の大きさと同じ|移動距離と同じ,力の向きと物体の移動の向きが垂直な場合、仕事の大きさは0Jです。,active,,,中3|仕事と力学的エネルギー,
phy_motion_159,physics,運動とエネルギー,仕事,2,choice,仕事の大きさが0Jになる場合として正しいものはどれか。,物体が移動しない場合,物体が移動しない場合|力の向きに物体が移動した場合|物体を持ち上げた場合|摩擦力に逆らって物体を動かした場合,物体が移動しない場合には、仕事の大きさは0Jです。,active,,,中3|仕事と力学的エネルギー,
phy_motion_160,physics,運動とエネルギー,仕事,2,choice,次のうち、物体に力を加えていても仕事の大きさが0Jになるものはどれか。,加えた力と物体の移動の向きが垂直である,加えた力と物体の移動の向きが垂直である|加えた力と同じ向きに物体が移動する|物体を上向きに持ち上げる|摩擦力に逆らって物体を動かす,加えた力と物体の移動の向きが垂直な場合、仕事の大きさは0Jです。,active,,,中3|仕事と力学的エネルギー,
phy_motion_161,physics,運動とエネルギー,重力に逆らう仕事,1,choice,物体をゆっくり一定の速さで持ち上げるとき、持ち上げる力の大きさは何と同じになるか。,重力の大きさ,重力の大きさ|摩擦力の大きさ|浮力の大きさ|移動距離,一定の速さで持ち上げるとき、持ち上げる力は重力と同じ大きさになります。,active,,,中3|仕事と力学的エネルギー,
phy_motion_162,physics,運動とエネルギー,重力に逆らう仕事,2,choice,10Nの重力がはたらく物体を、ゆっくり一定の速さで1m持ち上げた。した仕事は何Jか。,10J,10J|1J|5J|100J,10N×1m＝10Jです。,active,,,中3|仕事と力学的エネルギー,
phy_motion_163,physics,運動とエネルギー,摩擦力に逆らう仕事,1,choice,物体をゆっくり一定の速さで水平に動かすとき、物体を動かす力の大きさは何と同じになるか。,摩擦力の大きさ,摩擦力の大きさ|重力の大きさ|浮力の大きさ|物体の質量,一定の速さで動かすとき、動かす力と摩擦力は同じ大きさになります。,active,,,中3|仕事と力学的エネルギー,
phy_motion_164,physics,運動とエネルギー,摩擦力に逆らう仕事,2,choice,摩擦力が10Nの物体を、ゆっくり一定の速さで1.5m動かした。した仕事は何Jか。,15J,15J|10J|1.5J|6.7J,10N×1.5m＝15Jです。,active,,,中3|仕事と力学的エネルギー,
phy_motion_165,physics,運動とエネルギー,仕事とエネルギー,1,choice,物体がもつ力学的エネルギーの増加した量は、その物体がされた何で測ることができるか。,仕事,仕事|時間|速さ|質量,物体がもつ力学的エネルギーの増加した量は、その物体がされた仕事で測ることができます。,active,,,中3|仕事と力学的エネルギー,
phy_motion_166,physics,運動とエネルギー,仕事とエネルギー,2,choice,同じ質量の小球を高い位置から木片に当てるほど、木片の動いた距離が大きくなった。このことからわかることはどれか。,小球の位置エネルギーが大きいほど、小球が木片にした仕事が大きい,小球の位置エネルギーが大きいほど、小球が木片にした仕事が大きい|位置エネルギーが大きいほど仕事は小さい|位置エネルギーと仕事には関係がない|高さが高くても位置エネルギーは変わらない,小球がもつ位置エネルギーが大きいほど、木片にした仕事も大きくなります。,active,,,中3|仕事と力学的エネルギー,
phy_motion_167,physics,運動とエネルギー,仕事とエネルギー,2,choice,同じ高さから質量の異なる小球を木片に当てた。質量が大きい小球ほど木片の動いた距離が大きかった。このことからわかることはどれか。,質量が大きいほど位置エネルギーが大きく、木片にする仕事も大きい,質量が大きいほど位置エネルギーが大きく、木片にする仕事も大きい|質量が大きいほど位置エネルギーは小さい|質量は位置エネルギーに関係しない|質量が変わっても仕事は必ず同じ,同じ高さなら、質量が大きいほど位置エネルギーが大きくなります。,active,,,中3|仕事と力学的エネルギー,
phy_motion_168,physics,運動とエネルギー,てこ,1,choice,てこを使って物体を持ち上げると、直接持ち上げる場合と比べて、加える力はどうなるか。,小さくなる,小さくなる|大きくなる|変わらない|0になる,てこを使うと、加える力を小さくできます。,active,,,中3|仕事と力学的エネルギー,
phy_motion_169,physics,運動とエネルギー,てこ,1,choice,てこを使って加える力を小さくすると、力を加える距離はどうなるか。,長くなる,長くなる|短くなる|変わらない|0になる,てこでは、力を小さくできる代わりに、力を加える距離が長くなります。,active,,,中3|仕事と力学的エネルギー,
phy_motion_170,physics,運動とエネルギー,定滑車,1,choice,定滑車を使ったとき、ひもを引く力の大きさは、物体を直接持ち上げる場合と比べてどうなるか。,変わらない,変わらない|半分になる|2倍になる|0になる,定滑車では、ひもを引く力の大きさは変わりません。,active,,,中3|仕事と力学的エネルギー,
phy_motion_171,physics,運動とエネルギー,定滑車,1,choice,定滑車を使ったとき、ひもを引く距離は、物体を直接持ち上げる場合と比べてどうなるか。,変わらない,変わらない|2倍になる|半分になる|4倍になる,定滑車では、ひもを引く距離も変わりません。,active,,,中3|仕事と力学的エネルギー,
phy_motion_172,physics,運動とエネルギー,定滑車,1,choice,定滑車を使うと、力の何を変えることができるか。,向き,向き|大きさだけ|仕事の大きさ|物体の重力,定滑車を使うと、力の向きを変えることができます。,active,,,中3|仕事と力学的エネルギー,
phy_motion_173,physics,運動とエネルギー,動滑車,1,choice,動滑車を使うと、ひもを引く力は物体にはたらく重力の何分の1になるか。,1/2,1/2|2倍|1/4|変わらない,教材では、動滑車を使うとひもを引く力は物体にはたらく重力の1/2になります。,active,,,中3|仕事と力学的エネルギー,
phy_motion_174,physics,運動とエネルギー,動滑車,1,choice,動滑車を使うと、ひもを引く距離は、物体を持ち上げる高さの何倍になるか。,2倍,2倍|1/2倍|同じ|4倍,動滑車では、ひもを引く距離は物体を持ち上げる高さの2倍になります。,active,,,中3|仕事と力学的エネルギー,
phy_motion_175,physics,運動とエネルギー,動滑車,2,choice,100Nの物体を動滑車を使って1m持ち上げる。ひもを引く力と、ひもを引く距離の組み合わせはどれか。,50N・2m,50N・2m|100N・1m|50N・1m|100N・2m,力は1/2の50N、ひもを引く距離は2倍の2mになります。,active,,,中3|仕事と力学的エネルギー,
phy_motion_176,physics,運動とエネルギー,動滑車,2,choice,100Nの物体を動滑車を使って1m持ち上げるとき、する仕事は何Jか。,100J,100J|50J|200J|25J,50N×2m＝100Jです。,active,,,中3|仕事と力学的エネルギー,
phy_motion_177,physics,運動とエネルギー,仕事の原理,1,choice,同じ状態になるまでの仕事の大きさは、道具を使っても使わなくても変わらない。このことを何というか。,仕事の原理,仕事の原理|慣性の法則|作用・反作用の法則|力学的エネルギーの保存,これを仕事の原理といいます。,active,,,中3|仕事と力学的エネルギー,
phy_motion_178,physics,運動とエネルギー,仕事の原理,2,choice,道具を使って加える力を小さくしても、仕事の大きさが変わらないのはなぜか。,力を加える距離が長くなるから,力を加える距離が長くなるから|物体の質量が小さくなるから|重力がなくなるから|仕事の単位が変わるから,力を小さくできる代わりに、力を加える距離が長くなるため、仕事の大きさは変わりません。,active,,,中3|仕事と力学的エネルギー,
phy_motion_179,physics,運動とエネルギー,仕事の原理,2,choice,100Nの物体を直接1m持ち上げる場合と、動滑車を使って1m持ち上げる場合では、仕事の大きさはどうなるか。,どちらも100J,どちらも100J|直接は100J、動滑車は50J|直接は50J、動滑車は100J|動滑車では0J,直接では100N×1m＝100J、動滑車では50N×2m＝100Jです。,active,,,中3|仕事と力学的エネルギー,
phy_motion_180,physics,運動とエネルギー,仕事率,1,choice,単位時間（1秒間）あたりにする仕事を何というか。,仕事率,仕事率|仕事|力学的エネルギー|運動エネルギー,単位時間あたりにする仕事を仕事率といいます。,active,,,中3|仕事と力学的エネルギー,
phy_motion_181,physics,運動とエネルギー,仕事率,1,choice,仕事率を求める式として正しいものはどれか。,仕事÷時間,仕事÷時間|仕事×時間|時間÷仕事|力×時間,仕事率＝仕事÷時間です。,active,,,中3|仕事と力学的エネルギー,
phy_motion_182,physics,運動とエネルギー,仕事率,1,choice,仕事率の単位は何か。,ワット（W）,ワット（W）|ジュール（J）|ニュートン（N）|メートル（m）,仕事率の単位はワット、記号はWです。,active,,,中3|仕事と力学的エネルギー,
phy_motion_183,physics,運動とエネルギー,仕事率,1,choice,1秒間に1Jの仕事をするときの仕事率は何Wか。,1W,1W|1J|1N|10W,1J/s＝1Wです。,active,,,中3|仕事と力学的エネルギー,
phy_motion_184,physics,運動とエネルギー,仕事率,2,choice,100Jの仕事を5秒で行った。仕事率は何Wか。,20W,20W|500W|100W|5W,仕事率＝仕事÷時間なので、100J÷5s＝20Wです。,active,,,中3|仕事と力学的エネルギー,
phy_motion_185,physics,運動とエネルギー,仕事率,2,choice,120Jの仕事を6秒で行った。仕事率は何Wか。,20W,20W|720W|120W|6W,仕事率＝120J÷6s＝20Wです。,active,,,中3|仕事と力学的エネルギー,
phy_motion_186,physics,運動とエネルギー,仕事率,2,choice,同じ大きさの仕事をするとき、かかる時間が短いほど仕事率はどうなるか。,大きくなる,大きくなる|小さくなる|変わらない|0になる,仕事率＝仕事÷時間なので、同じ仕事なら時間が短いほど仕事率は大きくなります。,active,,,中3|仕事と力学的エネルギー,
phy_motion_187,physics,運動とエネルギー,仕事率,2,choice,同じ時間で仕事をするとき、仕事の大きさが大きいほど仕事率はどうなるか。,大きくなる,大きくなる|小さくなる|変わらない|0になる,同じ時間なら、仕事が大きいほど仕事率も大きくなります。,active,,,中3|仕事と力学的エネルギー,
phy_motion_188,physics,運動とエネルギー,仕事率,2,choice,仕事率が50Wのとき、1秒間にする仕事は何Jか。,50J,50J|1J|25J|100J,50Wは、1秒間に50Jの仕事をする仕事率です。,active,,,中3|仕事と力学的エネルギー,
phy_motion_189,physics,運動とエネルギー,仕事率,2,choice,仕事率20Wで5秒間仕事をした。仕事の大きさは何Jか。,100J,100J|25J|4J|20J,仕事＝仕事率×時間なので、20W×5s＝100Jです。,active,,,中3|仕事と力学的エネルギー,
phy_motion_190,physics,運動とエネルギー,仕事率,2,choice,100Jの仕事を仕事率20Wで行った。かかった時間は何秒か。,5秒,5秒|20秒|80秒|2000秒,時間＝仕事÷仕事率なので、100J÷20W＝5秒です。,active,,,中3|仕事と力学的エネルギー,
phy_motion_191,physics,運動とエネルギー,仕事率,2,choice,Aは100Jの仕事を5秒、Bは100Jの仕事を10秒で行った。仕事率が大きいのはどちらか。,A,A|B|同じ|判断できない,Aは20W、Bは10Wなので、Aの仕事率の方が大きくなります。,active,,,中3|仕事と力学的エネルギー,
phy_motion_192,physics,運動とエネルギー,仕事,2,choice,20Nの力で、力の向きに3m物体を動かした。仕事は何Jか。,60J,60J|23J|6.7J|17J,仕事＝力×距離なので、20N×3m＝60Jです。,active,,,中3|仕事と力学的エネルギー,
phy_motion_193,physics,運動とエネルギー,仕事,2,choice,50Jの仕事をして、力の向きに5m物体を動かした。加えた力は何Nか。,10N,10N|250N|50N|5N,力＝仕事÷距離なので、50J÷5m＝10Nです。,active,,,中3|仕事と力学的エネルギー,
phy_motion_194,physics,運動とエネルギー,仕事,2,choice,30Nの力で60Jの仕事をした。物体が力の向きに移動した距離は何mか。,2m,2m|30m|90m|0.5m,距離＝仕事÷力なので、60J÷30N＝2mです。,active,,,中3|仕事と力学的エネルギー,
phy_motion_195,physics,運動とエネルギー,仕事の原理,2,choice,道具を使って必要な力を小さくしたとき、仕事の原理により一般にどうなるか。,力を加える距離が長くなる,力を加える距離が長くなる|仕事の大きさが必ず小さくなる|物体の重力が小さくなる|移動距離が必ず0になる,道具を使って力を小さくできても、その分だけ力を加える距離が長くなります。,active,,,中3|仕事と力学的エネルギー,
phy_motion_196,physics,運動とエネルギー,仕事の原理,2,choice,摩擦などを考えないとき、同じ物体を同じ高さまで持ち上げる仕事について正しいものはどれか。,道具を使っても使わなくても仕事の大きさは同じ,道具を使っても使わなくても仕事の大きさは同じ|道具を使えば仕事は必ず半分になる|道具を使えば仕事は0になる|道具を使うほど仕事は必ず大きくなる,同じ状態になるまでの仕事の大きさは、道具を使っても使わなくても変わりません。,active,,,中3|仕事と力学的エネルギー,
phy_motion_197,physics,運動とエネルギー,エネルギーの変換,1,choice,エネルギーが形態を次々と変えていくことを何というか。,エネルギーの変換,エネルギーの変換|エネルギーの保存|仕事の原理|力学的エネルギー,エネルギーは形態を次々と変えていきます。これをエネルギーの変換といいます。,active,,,中3|エネルギーの変換と保存,
phy_motion_198,physics,運動とエネルギー,エネルギーの変換,1,choice,ほかのエネルギーに変換しやすいことから、日常生活の多くの場面で利用されているエネルギーは何か。,電気エネルギー,電気エネルギー|音エネルギー|位置エネルギー|弾性エネルギー,電気エネルギーはほかのエネルギーに変換しやすく、日常生活の多くの場面で利用されています。,active,,,中3|エネルギーの変換と保存,
phy_motion_199,physics,運動とエネルギー,水力発電,1,choice,水力発電で、ダムにたまった水がもっているエネルギーは何か。,位置エネルギー,位置エネルギー|運動エネルギー|電気エネルギー|熱エネルギー,ダムにたまった水は位置エネルギーをもっています。,active,,,中3|エネルギーの変換と保存,
phy_motion_200,physics,運動とエネルギー,水力発電,1,choice,水力発電で、ダムにたまった水が流れ落ちると、位置エネルギーは何エネルギーになるか。,運動エネルギー,運動エネルギー|電気エネルギー|熱エネルギー|化学エネルギー,水が流れ落ちると、位置エネルギーが運動エネルギーになります。,active,,,中3|エネルギーの変換と保存,
phy_motion_201,physics,運動とエネルギー,水力発電,1,choice,水力発電では、水が流れ落ちて発電機を回すことで、最終的に何エネルギーになるか。,電気エネルギー,電気エネルギー|位置エネルギー|化学エネルギー|音エネルギー,水の運動で発電機を回し、電気エネルギーを得ます。,active,,,中3|エネルギーの変換と保存,
phy_motion_202,physics,運動とエネルギー,水力発電,2,choice,水力発電での主なエネルギーの変換として正しいものはどれか。,位置エネルギー→運動エネルギー→電気エネルギー,位置エネルギー→運動エネルギー→電気エネルギー|電気エネルギー→運動エネルギー→位置エネルギー|運動エネルギー→化学エネルギー→電気エネルギー|位置エネルギー→化学エネルギー→電気エネルギー,ダムの水の位置エネルギーが運動エネルギーとなり、発電機によって電気エネルギーになります。,active,,,中3|エネルギーの変換と保存,
phy_motion_203,physics,運動とエネルギー,エネルギーの変換,1,choice,モーターでは、主に電気エネルギーが何エネルギーに変換されるか。,力学的エネルギー,力学的エネルギー|光エネルギー|化学エネルギー|核エネルギー,教材の図では、モーターによって電気エネルギーが力学的エネルギーに変換されています。,active,,,中3|エネルギーの変換と保存,
phy_motion_204,physics,運動とエネルギー,エネルギーの変換,1,choice,手回し発電機では、主に力学的エネルギーが何エネルギーに変換されるか。,電気エネルギー,電気エネルギー|熱エネルギー|光エネルギー|化学エネルギー,手回し発電機では、力学的エネルギーが電気エネルギーに変換されます。,active,,,中3|エネルギーの変換と保存,
phy_motion_205,physics,運動とエネルギー,エネルギーの変換,1,choice,火起こしでは、主に力学的エネルギーが何エネルギーに変換されるか。,熱エネルギー,熱エネルギー|電気エネルギー|光エネルギー|核エネルギー,教材の図では、火起こしによって力学的エネルギーが熱エネルギーに変換されています。,active,,,中3|エネルギーの変換と保存,
phy_motion_206,physics,運動とエネルギー,エネルギーの変換,1,choice,電熱線やアイロンでは、主に電気エネルギーが何エネルギーに変換されるか。,熱エネルギー,熱エネルギー|力学的エネルギー|核エネルギー|位置エネルギー,電熱線やアイロンでは、電気エネルギーが熱エネルギーに変換されます。,active,,,中3|エネルギーの変換と保存,
phy_motion_207,physics,運動とエネルギー,エネルギーの変換,1,choice,乾電池では、主に化学エネルギーが何エネルギーに変換されるか。,電気エネルギー,電気エネルギー|熱エネルギー|力学的エネルギー|位置エネルギー,乾電池では、化学エネルギーが電気エネルギーに変換されます。,active,,,中3|エネルギーの変換と保存,
phy_motion_208,physics,運動とエネルギー,エネルギーの変換,1,choice,電気分解では、主に電気エネルギーが何エネルギーに変換されるか。,化学エネルギー,化学エネルギー|光エネルギー|力学的エネルギー|位置エネルギー,教材の図では、電気分解によって電気エネルギーが化学エネルギーに変換されています。,active,,,中3|エネルギーの変換と保存,
phy_motion_209,physics,運動とエネルギー,エネルギーの変換,1,choice,光電池では、主に光エネルギーが何エネルギーに変換されるか。,電気エネルギー,電気エネルギー|熱エネルギー|化学エネルギー|力学的エネルギー,光電池では、光エネルギーが電気エネルギーに変換されます。,active,,,中3|エネルギーの変換と保存,
phy_motion_210,physics,運動とエネルギー,エネルギーの変換,1,choice,電灯やLED電球では、主に電気エネルギーが何エネルギーに変換されるか。,光エネルギー,光エネルギー|位置エネルギー|化学エネルギー|核エネルギー,電灯やLED電球では、電気エネルギーが光エネルギーに変換されます。,active,,,中3|エネルギーの変換と保存,
phy_motion_211,physics,運動とエネルギー,エネルギーの変換,1,choice,光合成では、主に光エネルギーが何エネルギーに変換されるか。,化学エネルギー,化学エネルギー|電気エネルギー|力学的エネルギー|核エネルギー,光合成では、光エネルギーが化学エネルギーに変換されます。,active,,,中3|エネルギーの変換と保存,
phy_motion_212,physics,運動とエネルギー,エネルギーの変換,1,choice,原子力発電では、核エネルギーから最終的に主に何エネルギーを得るか。,電気エネルギー,電気エネルギー|光エネルギー|位置エネルギー|弾性エネルギー,教材の図では、原子力発電によって核エネルギーから電気エネルギーを得ることが示されています。,active,,,中3|エネルギーの変換と保存,
phy_motion_213,physics,運動とエネルギー,エネルギー変換効率,1,choice,投入したエネルギーに対する、利用できる目的のエネルギーの割合を何というか。,エネルギー変換効率,エネルギー変換効率|仕事率|力学的エネルギー|仕事の原理,投入したエネルギーに対する、利用できる目的のエネルギーの割合をエネルギー変換効率といいます。,active,,,中3|エネルギーの変換と保存,
phy_motion_214,physics,運動とエネルギー,電気エネルギー,2,choice,電気エネルギーを求める式として正しいものはどれか。,電圧×電流×時間,電圧×電流×時間|電圧÷電流×時間|電圧×電流÷時間|電圧＋電流＋時間,教材の実験では、電気エネルギーを電圧×電流×時間で求めています。,active,,,中3|エネルギーの変換と保存,
phy_motion_215,physics,運動とエネルギー,電気エネルギー,2,choice,電圧1.0V、電流0.25A、時間6.0秒のとき、電気エネルギーは何Jか。,1.5J,1.5J|0.25J|6.0J|24J,1.0V×0.25A×6.0s＝1.5Jです。,active,,,中3|エネルギーの変換と保存,
phy_motion_216,physics,運動とエネルギー,位置エネルギー,2,choice,100gの物体にはたらく重力を1.0Nとすると、600gのおもりにはたらく重力は何Nか。,6.0N,6.0N|0.6N|60N|600N,100gで1.0Nなので、600gでは6.0Nです。,active,,,中3|エネルギーの変換と保存,
phy_motion_217,physics,運動とエネルギー,位置エネルギー,2,choice,600gのおもりにはたらく重力が6.0Nで、このおもりを1.0m持ち上げた。おもりの位置エネルギーは何Jか。,6.0J,6.0J|1.0J|0.6J|60J,6.0N×1.0m＝6.0Jです。,active,,,中3|エネルギーの変換と保存,
phy_motion_218,physics,運動とエネルギー,エネルギー変換効率,2,choice,投入したエネルギーが6.0J、得られた電気エネルギーが1.5Jだった。発電の効率は何％か。,25％,25％|4％|40％|75％,1.5J÷6.0J×100＝25％です。,active,,,中3|エネルギーの変換と保存,
phy_motion_219,physics,運動とエネルギー,エネルギー変換効率,2,choice,エネルギー変換効率を求める式として正しいものはどれか。,利用できる目的のエネルギー÷投入したエネルギー×100,利用できる目的のエネルギー÷投入したエネルギー×100|投入したエネルギー÷利用できる目的のエネルギー×100|投入したエネルギー＋利用できる目的のエネルギー|投入したエネルギー－利用できる目的のエネルギー,エネルギー変換効率は、投入したエネルギーのうち利用できる目的のエネルギーが占める割合です。,active,,,中3|エネルギーの変換と保存,
phy_motion_220,physics,運動とエネルギー,エネルギーの保存,1,choice,エネルギーがたがいに移り変わっても、その前後でエネルギーの総量はどうなるか。,一定に保たれる,一定に保たれる|必ず増える|必ず減る|0になる,エネルギーが移り変わっても、その前後でエネルギーの総量は一定に保たれます。,active,,,中3|エネルギーの変換と保存,
phy_motion_221,physics,運動とエネルギー,エネルギーの保存,1,choice,エネルギーがたがいに移り変わっても、その前後でエネルギーの総量が一定に保たれることを何というか。,エネルギーの保存,エネルギーの保存|力学的エネルギーの保存|仕事の原理|エネルギー変換効率,エネルギーの総量が一定に保たれることをエネルギーの保存といいます。,active,,,中3|エネルギーの変換と保存,
phy_motion_222,physics,運動とエネルギー,エネルギーの保存,2,choice,ジェットコースターに摩擦や空気の抵抗などがあると、力学的エネルギーの一部は主に何などに移り変わるか。,熱や音エネルギー,熱や音エネルギー|位置エネルギーだけ|核エネルギーだけ|エネルギーではないもの,摩擦や空気の抵抗などがあると、力学的エネルギーの一部は熱や音エネルギーなどに移り変わります。,active,,,中3|エネルギーの変換と保存,
phy_motion_223,physics,運動とエネルギー,エネルギーの保存,2,choice,摩擦によって力学的エネルギーが減少した。このとき、減少したエネルギーはどうなったか。,熱や音など別のエネルギーに移り変わった,熱や音など別のエネルギーに移り変わった|完全になくなった|必ず位置エネルギーになった|必ず電気エネルギーになった,力学的エネルギーが減少しても、エネルギーそのものがなくなったわけではありません。,active,,,中3|エネルギーの変換と保存,
phy_motion_224,physics,運動とエネルギー,エネルギーの保存,2,choice,摩擦や空気の抵抗があるジェットコースターが、スタート前と同じ高さまで上がらないのはなぜか。,力学的エネルギーの一部が熱や音エネルギーなどに移り変わるから,力学的エネルギーの一部が熱や音エネルギーなどに移り変わるから|エネルギーが完全になくなるから|重力がなくなるから|物体の質量が0になるから,摩擦や空気の抵抗によって、力学的エネルギーの一部が熱や音エネルギーなどに移り変わります。,active,,,中3|エネルギーの変換と保存,
phy_motion_225,physics,運動とエネルギー,エネルギーの保存,2,choice,摩擦などによって力学的エネルギーが減少しても、熱や音エネルギーなどを含めたエネルギーの総量はどうなるか。,一定に保たれる,一定に保たれる|減少する|増加する|0になる,エネルギーの形が変わっても、エネルギーの総量は一定に保たれます。,active,,,中3|エネルギーの変換と保存,
phy_motion_226,physics,運動とエネルギー,エネルギーの保存,2,choice,「力学的エネルギーの保存」と「エネルギーの保存」の違いとして正しいものはどれか。,摩擦などがあると力学的エネルギーは減少することがあるが、エネルギーの総量は保存される,摩擦などがあると力学的エネルギーは減少することがあるが、エネルギーの総量は保存される|摩擦があるとエネルギーの総量もなくなる|力学的エネルギーとエネルギーの総量は必ず同じ意味である|摩擦があるとエネルギーの総量は増え続ける,摩擦などがあると力学的エネルギーの一部は熱や音などに変わりますが、エネルギーの総量は保存されます。,active,,,中3|エネルギーの変換と保存,
phy_motion_227,physics,運動とエネルギー,熱の伝わり方,1,choice,固体の一部を加熱したとき、加熱した部分から温度の低い周囲へ熱が伝わる現象を何というか。,伝導,伝導|対流|放射|電離,固体では、加熱した部分から周囲へ熱が伝わる現象を伝導といいます。,active,,,中3|エネルギーの変換と保存,
phy_motion_228,physics,運動とエネルギー,伝導,1,choice,フライパンの中心を加熱すると、周囲に熱が伝わっていく。この熱の伝わり方を何というか。,伝導,伝導|対流|放射|蒸発,固体の中を熱が伝わっていく現象が伝導です。,active,,,中3|エネルギーの変換と保存,
phy_motion_229,physics,運動とエネルギー,熱の伝わり方,1,choice,あたためられた液体や気体そのものが移動して、全体に熱が伝わる現象を何というか。,対流,対流|伝導|放射|凝結,あたためられた液体や気体そのものが移動して熱が伝わる現象を対流といいます。,active,,,中3|エネルギーの変換と保存,
phy_motion_230,physics,運動とエネルギー,対流,1,choice,水を加熱すると、あたためられた水が移動して全体に熱が伝わった。この熱の伝わり方を何というか。,対流,対流|伝導|放射|電離,液体そのものが移動して熱が伝わる現象が対流です。,active,,,中3|エネルギーの変換と保存,
phy_motion_231,physics,運動とエネルギー,熱の伝わり方,1,choice,高温の物体から出た光や赤外線によって、空間をへだてて熱が伝わる現象を何というか。,放射,放射|伝導|対流|蒸発,光や赤外線によって空間をへだてて熱が伝わる現象を放射といいます。,active,,,中3|エネルギーの変換と保存,
phy_motion_232,physics,運動とエネルギー,放射,1,choice,火からはなれていても熱が伝わってくる。この熱の伝わり方を何というか。,放射,放射|伝導|対流|凝結,火からはなれていても、光や赤外線によって熱が伝わります。これを放射といいます。,active,,,中3|エネルギーの変換と保存,
phy_motion_233,physics,運動とエネルギー,熱の伝わり方,2,choice,「固体の中を熱が伝わる」「液体や気体そのものが移動する」「光や赤外線で空間をへだてて伝わる」に順に対応するものはどれか。,伝導・対流・放射,伝導・対流・放射|対流・伝導・放射|放射・対流・伝導|伝導・放射・対流,熱の伝わり方には、伝導・対流・放射があります。,active,,,中3|エネルギーの変換と保存,
phy_motion_234,physics,運動とエネルギー,熱の伝わり方,2,choice,次のうち、物質そのものが移動することで熱が伝わるものはどれか。,対流,対流|伝導|放射|どれも物質は移動しない,対流では、あたためられた液体や気体そのものが移動します。,active,,,中3|エネルギーの変換と保存,
phy_motion_235,physics,運動とエネルギー,熱の伝わり方,2,choice,次のうち、物体どうしが接していなくても空間をへだてて熱を伝えることができるものはどれか。,放射,放射|伝導|対流|伝導と対流だけ,放射では、光や赤外線によって空間をへだてて熱が伝わります。,active,,,中3|エネルギーの変換と保存,